3_27_15_hs_1---21.png,325,393,375,422,seal
3_27_15_hs_1---34.png,159,372,196,419,seal
3_27_15_hs_1---34.png,410,334,442,383,seal
3_27_15_hs_1---34.png,279,471,344,498,seal
3_27_15_hs_1---43.png,327,89,382,115,seal
3_27_15_hs_1---43.png,431,232,466,289,seal
3_27_15_hs_1---43.png,461,359,488,399,seal
3_27_15_hs_1---43.png,306,212,334,247,seal
3_27_15_hs_1---44.png,22,358,49,393,seal
3_27_15_hs_1---44.png,134,309,168,373,seal
3_27_15_hs_1---44.png,1,233,23,287,seal
3_27_15_hs_1---44.png,118,159,177,180,seal
3_27_15_hs_1---44.png,222,261,264,320,seal
3_27_15_hs_1---44.png,245,157,278,186,seal
3_27_15_hs_1---44.png,281,35,345,62,seal
3_27_15_hs_2---32.png,354,433,386,462,seal
3_27_15_hs_2---32.png,395,404,445,439,seal
3_27_15_hs_2---32.png,409,268,451,300,seal
3_27_15_hs_2---32.png,439,318,483,354,seal
3_27_15_hs_2---32.png,437,357,477,372,seal
3_27_15_hs_2---32.png,435,394,481,411,seal
3_27_15_hs_2---32.png,373,332,439,389,seal
3_27_15_hs_2---33.png,451,67,484,101,seal
3_27_15_hs_2---33.png,310,186,333,225,seal
3_27_15_hs_2---33.png,227,203,288,240,seal
3_27_15_hs_2---33.png,184,262,227,289,seal
3_27_15_hs_2---33.png,144,298,184,326,seal
3_27_15_hs_2---33.png,44,200,81,228,seal
3_27_15_hs_2---33.png,35,232,87,257,seal
3_27_15_hs_2---33.png,97,279,139,317,seal
3_27_15_hs_2---33.png,1,395,41,416,seal
3_27_15_hs_2---33.png,1,355,41,376,seal
3_27_15_hs_2---33.png,8,320,45,358,seal
3_27_15_hs_2---33.png,49,315,89,355,seal
3_27_15_hs_2---33.png,74,305,118,332,seal
3_27_15_hs_3---35.png,274,415,304,459,seal
3_27_15_hs_3---35.png,144,458,170,493,seal
3_27_15_hs_3---36.png,198,300,231,344,seal
3_27_15_hs_3---42.png,419,416,464,483,seal
3_27_15_hs_3---43.png,0,424,23,485,seal
3_27_15_hs_3---43.png,42,284,82,336,seal
3_27_15_hs_3---43.png,32,340,67,395,seal
3_27_15_hs_3---43.png,82,410,124,459,seal
3_27_15_hs_3---43.png,106,439,156,484,seal
3_27_15_hs_3---43.png,211,403,253,431,seal
3_27_15_hs_3---43.png,203,415,230,445,seal
3_27_15_hs_3---43.png,167,238,186,279,seal
3_27_15_hs_3---43.png,106,344,178,372,seal
3_27_15_hs_3---43.png,172,293,204,339,seal
3_27_15_hs_3---43.png,198,278,255,298,seal
3_27_15_hs_3---43.png,227,244,257,279,seal
3_27_15_hs_3---43.png,210,311,238,353,seal
3_27_15_hs_3---43.png,130,276,162,330,seal
3_27_15_hs_3---43.png,268,276,291,316,seal
3_27_15_hs_3---43.png,315,327,351,350,seal
3_27_15_hs_3---43.png,338,368,365,389,seal
3_27_15_hs_3---43.png,371,377,401,396,seal
3_27_15_hs_3---43.png,367,335,390,355,seal
3_27_15_hs_3---43.png,437,177,459,227,seal
3_27_15_hs_3---43.png,403,195,435,228,seal
3_27_15_hs_3---43.png,357,227,406,255,seal
3_27_15_hs_3---43.png,311,243,345,274,seal
3_27_15_hs_3---43.png,300,275,322,302,seal
3_27_15_hs_3---43.png,335,281,364,306,seal
3_27_15_hs_3---43.png,343,307,390,323,seal
3_27_15_hs_3---43.png,366,277,425,305,seal
3_27_15_hs_3---43.png,382,259,432,292,seal
3_27_15_hs_3---43.png,411,233,446,288,seal
3_27_15_hs_3---43.png,450,249,482,301,seal
3_27_15_hs_3---43.png,461,221,492,250,seal
3_27_15_hs_3---44.png,322,302,358,337,seal
3_27_15_hs_3---44.png,274,288,319,303,seal
3_27_15_hs_3---44.png,308,255,341,290,seal
3_27_15_hs_3---44.png,389,249,440,264,seal
3_27_15_hs_3---44.png,441,191,478,215,seal
3_27_15_hs_3---44.png,389,185,426,212,seal
3_27_15_hs_3---44.png,415,133,450,173,seal
3_27_15_hs_3---44.png,424,77,457,129,seal
3_27_15_hs_3---44.png,470,102,494,132,seal
3_27_15_hs_3---44.png,468,62,495,93,seal
3_27_15_hs_3---44.png,355,71,388,109,seal
3_27_15_hs_3---44.png,295,88,335,104,seal
3_27_15_hs_3---44.png,364,125,389,160,seal
3_27_15_hs_3---44.png,321,148,358,171,seal
3_27_15_hs_3---44.png,341,179,368,216,seal
3_27_15_hs_3---44.png,282,127,322,158,seal
3_27_15_hs_3---44.png,327,105,359,140,seal
3_27_15_hs_3---44.png,252,84,275,130,seal
3_27_15_hs_3---44.png,225,107,258,172,seal
3_27_15_hs_3---44.png,181,112,214,161,seal
3_27_15_hs_3---44.png,71,128,93,163,seal
3_27_15_hs_3---44.png,121,140,170,173,seal
3_27_15_hs_3---44.png,169,155,223,196,seal
3_27_15_hs_3---44.png,259,167,288,183,seal
3_27_15_hs_3---44.png,239,177,268,204,seal
3_27_15_hs_3---44.png,281,361,303,398,seal
3_27_15_hs_3---44.png,254,342,277,377,seal
3_27_15_hs_3---44.png,164,320,184,361,seal
3_27_15_hs_3---44.png,212,330,242,367,seal
3_27_15_hs_3---44.png,7,247,40,299,seal
3_27_15_hs_3---44.png,15,218,55,248,seal
3_27_15_hs_3---44.png,53,209,101,235,seal
3_27_15_hs_3---44.png,115,186,135,218,seal
3_27_15_hs_3---44.png,188,267,203,304,seal
3_27_15_hs_3---44.png,128,300,156,340,seal
3_27_15_hs_3---44.png,122,272,171,292,seal
3_27_15_hs_3---44.png,98,255,139,277,seal
3_27_15_hs_3---44.png,66,314,85,344,seal
3_27_15_hs_3---44.png,80,298,107,342,seal
3_27_15_hs_3---44.png,121,227,159,251,seal
3_27_15_hs_3---44.png,175,230,203,252,seal
3_27_15_hs_3---44.png,276,257,294,285,seal
3_27_15_hs_3---44.png,241,223,261,256,seal
3_27_15_hs_3---44.png,296,214,333,242,seal
3_27_15_hs_3---44.png,300,177,320,195,seal
3_27_15_hs_3---44.png,181,196,209,219,seal
3_27_15_hs_3---44.png,51,268,71,291,seal
3_27_15_hs_3---44.png,40,249,64,264,seal
3_27_15_hs_3---45.png,326,116,349,150,seal
3_27_15_hs_3---45.png,391,122,426,150,seal
3_27_15_hs_3---45.png,453,69,488,110,seal
3_27_15_hs_3---45.png,409,47,436,72,seal
3_27_15_hs_3---45.png,267,33,291,51,seal
3_27_15_hs_3---45.png,141,78,171,109,seal
3_27_15_hs_3---45.png,152,24,167,58,seal
3_27_15_hs_3---45.png,64,57,111,106,seal
3_27_15_hs_3---45.png,114,132,151,182,seal
3_27_15_hs_3---45.png,3,189,36,212,seal
3_27_15_hs_3---45.png,28,93,56,135,seal
3_27_15_hs_3---45.png,32,65,55,88,seal
3_27_15_hs_3---45.png,107,205,149,232,seal
3_27_15_hs_3---45.png,183,98,200,143,seal
3_27_15_hs_3---45.png,234,120,274,147,seal
3_27_15_hs_3---46.png,18,71,50,107,seal
3_27_15_hs_3---46.png,76,40,103,75,seal
3_27_15_hs_3---46.png,108,69,126,94,seal
3_27_15_hs_4---32.png,460,449,493,486,seal
3_27_15_hs_4---33.png,19,445,55,484,seal
3_27_15_hs_4---33.png,87,458,137,483,seal
3_27_15_hs_4---43.png,21,10,53,48,seal
3_27_15_hs_4---43.png,91,20,132,44,seal
3_27_15_hs_4---43.png,39,49,74,77,seal
3_27_15_hs_4---43.png,67,83,94,131,seal
3_27_15_hs_4---43.png,207,84,224,124,seal
3_27_15_hs_4---43.png,27,225,57,250,seal
3_27_15_hs_4---43.png,282,268,311,300,seal
3_27_15_hs_4---43.png,247,227,272,259,seal
3_27_15_hs_4---43.png,183,218,214,243,seal
3_27_15_hs_4---43.png,218,161,255,223,seal
3_27_15_hs_4---43.png,273,174,290,224,seal
3_27_15_hs_4---43.png,310,170,355,208,seal
3_27_15_hs_4---43.png,347,208,374,235,seal
3_27_15_hs_4---43.png,361,237,386,270,seal
3_27_15_hs_4---43.png,459,294,496,338,seal
3_27_15_hs_4---43.png,115,128,130,175,seal
3_27_15_hs_4---43.png,123,106,171,130,seal
3_27_15_hs_4---43.png,204,206,232,231,seal
3_27_15_hs_4---43.png,186,155,208,193,seal
3_27_15_hs_4---43.png,157,111,194,131,seal
3_27_15_hs_4---43.png,180,252,201,274,seal
3_27_15_hs_4---46.png,305,92,335,125,seal
3_27_15_hs_6---33.png,434,331,484,377,seal
3_27_15_hs_6---45.png,59,260,104,288,seal
3_27_15_hs_6---45.png,77,183,113,229,seal
3_27_15_hs_6---45.png,33,132,65,181,seal
3_27_15_hs_6---45.png,8,186,30,208,seal
3_27_15_hs_6---45.png,1,276,36,314,seal
3_27_15_hs_6---45.png,1,123,23,149,seal
3_27_15_hs_7---24.png,47,138,74,180,seal
3_27_15_hs_7---34.png,327,67,386,99,seal
3_27_15_hs_7---34.png,390,101,440,127,seal
3_27_15_hs_7---34.png,416,133,460,170,seal
3_27_15_hs_7---35.png,222,294,253,321,seal
3_27_15_hs_7---35.png,281,296,313,353,seal
3_27_15_hs_7---35.png,312,294,342,319,seal
3_27_15_hs_7---35.png,453,297,485,318,seal
3_27_15_hs_7---35.png,342,381,384,399,seal
3_27_15_hs_7---35.png,329,341,364,364,seal
3_27_15_hs_7---35.png,305,376,322,405,seal
3_27_15_hs_7---35.png,242,379,279,407,seal
3_27_15_hs_7---35.png,248,327,271,371,seal
3_27_15_hs_7---35.png,315,434,337,461,seal
3_27_15_hs_7---35.png,269,471,306,497,seal
3_27_15_hs_7---35.png,247,485,282,499,seal
3_27_15_hs_7---35.png,324,447,359,487,seal
3_27_15_hs_7---45.png,231,86,265,108,seal
3_27_15_hs_7---45.png,220,46,266,79,seal
3_27_15_hs_7---45.png,250,47,292,81,seal
3_27_15_hs_7---45.png,271,30,302,62,seal
3_27_15_hs_7---45.png,323,8,357,48,seal
3_27_15_hs_7---45.png,322,66,357,89,seal
3_27_15_hs_7---45.png,338,97,368,112,seal
3_27_15_hs_7---45.png,373,45,409,75,seal
3_27_15_hs_7---45.png,450,51,495,71,seal
3_27_15_hs_7---45.png,397,79,434,121,seal
3_27_15_hs_7---45.png,427,115,448,142,seal
3_27_15_hs_7---45.png,435,91,467,118,seal
3_27_15_hs_7---45.png,452,125,482,150,seal
3_27_15_hs_7---45.png,406,164,439,194,seal
3_27_15_hs_7---45.png,413,183,467,204,seal
3_27_15_hs_7---45.png,352,220,385,235,seal
3_27_15_hs_7---45.png,403,207,445,234,seal
3_27_15_hs_7---45.png,399,232,451,264,seal
3_27_15_hs_7---45.png,368,272,415,290,seal
3_27_15_hs_7---45.png,424,281,464,301,seal
3_27_15_hs_7---45.png,444,252,464,274,seal
3_27_15_hs_7---45.png,462,267,485,283,seal
3_27_15_hs_7---45.png,472,220,487,247,seal
3_27_15_hs_7---46.png,12,52,56,74,seal
3_27_15_hs_7---46.png,39,107,87,129,seal
3_27_15_hs_7---46.png,316,328,348,348,seal
3_27_15_hs_7---46.png,141,444,176,466,seal
3_27_15_hs_7---46.png,140,388,173,418,seal
3_27_15_hs_7---46.png,108,374,140,388,seal
3_27_15_hs_7---46.png,143,337,172,364,seal
3_27_15_hs_7---46.png,179,328,223,360,seal
3_27_15_hs_7---46.png,201,347,253,378,seal
3_27_15_hs_7---46.png,174,422,205,447,seal
3_27_15_hs_7---46.png,189,404,233,435,seal
3_27_15_hs_7---46.png,214,441,270,461,seal
3_27_15_hs_7---46.png,190,476,217,499,seal
3_27_15_hs_7---46.png,234,469,261,494,seal
3_27_15_hs_7---46.png,248,381,266,418,seal
3_27_15_hs_7---46.png,266,398,304,425,seal
3_27_15_hs_7---46.png,292,430,310,450,seal
3_27_15_hs_7---46.png,307,445,334,456,seal
3_27_15_hs_7---46.png,331,442,378,465,seal
3_27_15_hs_7---46.png,311,403,356,425,seal
3_27_15_hs_7---46.png,298,381,339,398,seal
3_27_15_hs_7---46.png,427,463,450,496,seal
3_27_15_hs_7---46.png,259,329,306,347,seal
3_27_15_hs_7---46.png,278,287,333,323,seal
3_27_15_hs_7---46.png,267,291,286,308,seal
3_27_15_hs_7---46.png,233,289,259,305,seal
3_27_15_hs_7---46.png,237,262,259,286,seal
3_27_15_hs_7---46.png,185,307,200,323,seal
3_27_15_hs_7---46.png,191,292,216,312,seal
3_27_15_hs_7---46.png,131,318,157,333,seal
3_27_15_hs_7---46.png,113,333,140,349,seal
3_27_15_hs_7---46.png,49,322,74,358,seal
3_27_15_hs_7---46.png,84,314,126,339,seal
3_27_15_hs_7---46.png,53,296,97,315,seal
3_27_15_hs_7---46.png,89,277,127,303,seal
3_27_15_hs_7---46.png,76,258,117,272,seal
3_27_15_hs_7---46.png,0,277,24,295,seal
3_27_15_hs_7---46.png,10,264,27,282,seal
3_27_15_hs_7---46.png,22,269,45,285,seal
3_27_15_hs_7---46.png,132,225,153,249,seal
3_27_15_hs_7---46.png,163,204,190,222,seal
3_27_15_hs_7---46.png,157,170,192,205,seal
3_27_15_hs_7---46.png,75,127,95,159,seal
3_27_15_hs_7---46.png,86,235,115,254,seal
3_27_15_hs_7---46.png,66,230,82,253,seal
3_27_15_hs_7---46.png,62,203,87,219,seal
3_27_15_hs_7---46.png,57,181,93,197,seal
3_27_15_hs_7---46.png,98,174,117,208,seal
3_27_15_hs_7---46.png,1,182,41,203,seal
3_27_15_hs_7---46.png,15,125,35,151,seal
3_27_15_hs_7---46.png,67,74,117,102,seal
3_27_15_hs_7---46.png,108,153,143,192,seal
3_27_15_hs_7---46.png,180,246,208,280,seal
3_27_15_hs_7---46.png,144,234,172,261,seal
3_27_15_hs_7---46.png,282,351,314,376,seal
3_27_15_hs_7---57.png,72,357,100,400,seal
3_27_15_hs_8---28.png,473,420,496,452,seal
3_27_15_hs_8---28.png,303,427,327,475,seal
3_27_15_hs_8---28.png,334,397,362,448,seal
3_27_15_hs_8---28.png,334,333,346,385,seal
3_27_15_hs_8---28.png,357,359,385,401,seal
3_27_15_hs_8---28.png,385,360,405,406,seal
3_27_15_hs_8---28.png,415,349,438,397,seal
3_27_15_hs_8---28.png,232,417,259,451,seal
3_27_15_hs_8---28.png,188,477,232,498,seal
3_27_15_hs_8---28.png,180,437,214,465,seal
3_27_15_hs_9---34.png,415,262,465,291,seal
3_27_15_hs_9---34.png,473,259,500,307,seal
3_27_15_hs_9---35.png,33,265,68,309,seal
3_27_15_hs_9---35.png,190,202,223,238,seal
3_27_15_hs_9---35.png,207,175,233,210,seal
3_27_15_hs_9---35.png,337,281,366,324,seal
3_27_15_hs_9---35.png,393,308,426,336,seal
3_27_15_hs_9---35.png,277,290,304,334,seal
3_27_15_hs_9---35.png,234,278,267,303,seal
3_27_15_hs_9---35.png,226,285,250,334,seal
3_27_15_hs_9---35.png,215,263,232,298,seal
3_27_15_hs_9---35.png,175,260,205,305,seal
3_27_15_hs_9---35.png,149,255,172,294,seal
3_27_15_hs_9---35.png,123,191,148,228,seal
3_27_15_hs_9---35.png,116,232,141,275,seal
3_27_15_hs_9---35.png,90,259,126,280,seal
3_27_15_hs_9---35.png,76,275,110,302,seal
3_27_15_hs_9---35.png,55,237,111,258,seal
3_27_15_hs_9---36.png,126,301,165,337,seal
3_27_15_hs_9---36.png,120,135,180,164,seal
4_20_13_hs_1---38.png,232,460,276,483,seal
4_20_13_hs_1---38.png,405,433,443,454,seal
4_20_13_hs_1---38.png,439,460,481,477,seal
4_20_13_hs_1---38.png,313,434,350,460,seal
4_20_13_hs_1---38.png,367,450,400,473,seal
4_20_13_hs_1---38.png,406,468,435,491,seal
4_20_13_hs_1---38.png,141,451,175,468,seal
4_20_13_hs_1---38.png,161,473,185,489,seal
4_20_13_hs_1---38.png,233,483,272,498,seal
4_20_13_hs_1---38.png,329,476,358,497,seal
4_20_13_hs_1---45.png,10,394,41,417,seal
4_20_13_hs_1---45.png,18,372,75,412,seal
4_20_13_hs_1---45.png,114,402,145,426,seal
4_20_13_hs_1---45.png,141,386,176,406,seal
4_20_13_hs_1---45.png,106,431,141,450,seal
4_20_13_hs_1---45.png,124,349,160,378,seal
4_20_13_hs_1---45.png,226,359,266,384,seal
4_20_13_hs_1---45.png,271,323,312,347,seal
4_20_13_hs_1---45.png,302,342,330,364,seal
4_20_13_hs_1---45.png,324,383,360,406,seal
4_20_13_hs_1---45.png,345,328,385,345,seal
4_20_13_hs_1---45.png,464,345,498,375,seal
4_20_13_hs_1---45.png,394,360,430,383,seal
4_20_13_hs_1---45.png,363,364,397,383,seal
4_20_13_hs_1---45.png,280,385,314,416,seal
4_20_13_hs_1---45.png,79,379,106,432,seal
4_20_13_hs_1---46.png,118,237,153,274,seal
4_20_13_hs_1---46.png,113,280,145,295,seal
4_20_13_hs_1---46.png,64,334,117,357,seal
4_20_13_hs_1---46.png,89,354,121,383,seal
4_20_13_hs_1---46.png,23,349,74,379,seal
4_20_13_hs_1---46.png,105,391,133,417,seal
4_20_13_hs_1---46.png,129,361,168,404,seal
4_20_13_hs_1---46.png,143,344,169,369,seal
4_20_13_hs_1---46.png,173,336,194,355,seal
4_20_13_hs_1---46.png,190,353,218,369,seal
4_20_13_hs_1---46.png,233,252,259,268,seal
4_20_13_hs_1---46.png,254,240,285,262,seal
4_20_13_hs_1---46.png,311,227,338,239,seal
4_20_13_hs_1---46.png,361,209,392,226,seal
4_20_13_hs_1---46.png,324,213,375,242,seal
4_20_13_hs_1---46.png,327,276,378,298,seal
4_20_13_hs_1---46.png,290,309,320,337,seal
4_20_13_hs_1---46.png,423,332,452,362,seal
4_20_13_hs_1---46.png,438,277,478,298,seal
4_20_13_hs_1---46.png,453,258,495,280,seal
4_20_13_hs_1---46.png,409,271,438,292,seal
4_20_13_hs_1---46.png,384,279,408,296,seal
4_20_13_hs_1---46.png,392,216,428,233,seal
4_20_13_hs_1---46.png,386,199,413,223,seal
4_20_13_hs_1---46.png,264,298,292,329,seal
4_20_13_hs_1---46.png,457,114,482,135,seal
4_20_13_hs_1---46.png,474,131,495,151,seal
4_20_13_hs_1---47.png,2,277,33,293,seal
4_20_13_hs_1---47.png,12,263,55,278,seal
4_20_13_hs_1---47.png,20,112,46,138,seal
4_20_13_hs_1---47.png,37,134,58,150,seal
4_20_13_hs_1---47.png,110,167,131,187,seal
4_20_13_hs_1---47.png,187,141,216,173,seal
4_20_13_hs_1---47.png,248,137,276,169,seal
4_20_13_hs_1---47.png,439,47,485,66,seal
4_20_13_hs_1---47.png,417,86,448,115,seal
4_20_13_hs_1---47.png,410,121,450,147,seal
4_20_13_hs_1---47.png,466,112,497,149,seal
4_20_13_hs_1---47.png,436,258,486,285,seal
4_20_13_hs_1---47.png,377,232,399,251,seal
4_20_13_hs_1---47.png,330,114,357,139,seal
4_20_13_hs_1---47.png,305,125,334,155,seal
4_20_13_hs_1---47.png,280,146,311,169,seal
4_20_13_hs_1---47.png,283,165,334,188,seal
4_20_13_hs_1---47.png,297,198,357,222,seal
4_20_13_hs_1---47.png,309,230,343,258,seal
4_20_13_hs_1---47.png,290,225,317,253,seal
4_20_13_hs_1---47.png,261,216,297,244,seal
4_20_13_hs_1---47.png,236,241,266,267,seal
4_20_13_hs_1---47.png,221,225,237,242,seal
4_20_13_hs_1---47.png,147,256,176,287,seal
4_20_13_hs_1---47.png,155,224,186,243,seal
4_20_13_hs_1---47.png,127,221,148,237,seal
4_20_13_hs_1---47.png,94,229,127,259,seal
4_20_13_hs_1---47.png,50,252,76,277,seal
4_20_13_hs_1---47.png,42,198,99,217,seal
4_20_13_hs_1---47.png,45,217,94,229,seal
4_20_13_hs_1---47.png,112,252,137,284,seal
4_20_13_hs_1---48.png,2,257,47,280,seal
4_20_13_hs_1---48.png,233,211,266,227,seal
4_20_13_hs_1---48.png,246,187,289,207,seal
4_20_13_hs_1---48.png,4,46,34,69,seal
4_20_13_hs_1---48.png,25,53,45,61,seal
4_20_13_hs_1---48.png,26,115,56,145,seal
4_20_13_hs_1---48.png,62,125,95,150,seal
4_20_13_hs_1---48.png,116,124,155,147,seal
4_20_13_hs_1---48.png,150,140,193,162,seal
4_20_13_hs_1---48.png,217,153,257,173,seal
4_20_13_hs_1---48.png,413,122,433,141,seal
4_20_13_hs_1---48.png,410,69,454,102,seal
4_20_13_hs_1---48.png,457,83,486,104,seal
4_20_13_hs_1---48.png,243,85,279,116,seal
4_20_13_hs_1---48.png,160,84,184,106,seal
4_20_13_hs_1---48.png,194,64,228,87,seal
4_20_13_hs_1---48.png,233,43,268,62,seal
4_20_13_hs_1---48.png,234,15,274,39,seal
4_20_13_hs_1---48.png,166,32,185,47,seal
4_20_13_hs_1---48.png,142,12,178,28,seal
4_20_13_hs_1---48.png,359,97,386,112,seal
4_20_13_hs_1---48.png,439,18,482,37,seal
4_20_13_hs_1---48.png,408,32,431,50,seal
4_20_13_hs_1---48.png,380,45,420,71,seal
4_20_13_hs_1---48.png,335,40,351,56,seal
4_20_13_hs_1---48.png,343,57,370,74,seal
4_20_13_hs_1---48.png,326,6,349,23,seal
4_20_13_hs_1---48.png,368,13,398,30,seal
4_20_13_hs_1---48.png,412,0,437,9,seal
4_20_13_hs_1---49.png,55,58,92,75,seal
4_20_13_hs_1---49.png,36,42,74,61,seal
4_20_13_hs_1---49.png,2,21,37,37,seal
4_20_13_hs_1---49.png,157,87,188,106,seal
4_20_13_hs_1---49.png,216,44,251,63,seal
4_20_13_hs_1---49.png,93,50,117,82,seal
4_20_13_hs_1---49.png,16,86,44,105,seal
4_20_13_hs_1---49.png,111,19,135,43,seal
4_20_13_hs_1---49.png,121,8,151,29,seal
4_20_13_hs_1---52.png,351,280,380,315,seal
4_20_13_hs_1---52.png,333,326,395,357,seal
4_20_13_hs_1---52.png,298,267,318,302,seal
4_20_13_hs_1---52.png,266,307,310,341,seal
4_20_13_hs_1---52.png,190,339,222,363,seal
4_20_13_hs_1---52.png,185,283,212,312,seal
4_20_13_hs_1---52.png,151,357,173,380,seal
4_20_13_hs_1---52.png,121,358,150,387,seal
4_20_13_hs_1---53.png,123,338,156,364,seal
4_20_13_hs_1---53.png,121,295,161,330,seal
4_20_13_hs_1---53.png,93,283,128,325,seal
4_20_13_hs_1---53.png,94,238,122,281,seal
4_20_13_hs_1---53.png,186,261,209,299,seal
4_20_13_hs_1---53.png,203,288,228,321,seal
4_20_13_hs_1---53.png,239,264,265,307,seal
4_20_13_hs_1---53.png,280,261,294,277,seal
4_20_13_hs_1---53.png,295,251,308,281,seal
4_20_13_hs_1---53.png,167,215,204,260,seal
4_20_13_hs_1---53.png,278,203,304,235,seal
4_20_13_hs_1---53.png,232,220,278,247,seal
4_20_13_hs_1---53.png,248,207,269,227,seal
4_20_13_hs_1---53.png,433,186,482,219,seal
4_20_13_hs_1---53.png,458,72,496,97,seal
4_20_13_hs_1---86.png,110,366,149,389,seal
4_20_13_hs_1---86.png,162,390,198,408,seal
4_20_13_hs_1---86.png,198,399,219,419,seal
4_20_13_hs_2---50.png,362,349,391,391,seal
4_20_13_hs_2---50.png,314,369,342,402,seal
4_20_13_hs_2---50.png,125,420,148,439,seal
4_20_13_hs_2---50.png,150,401,175,440,seal
4_20_13_hs_2---51.png,257,230,299,257,seal
4_20_13_hs_2---51.png,262,201,295,228,seal
4_20_13_hs_2---51.png,399,81,435,112,seal
4_20_13_hs_2---51.png,284,293,300,312,seal
4_20_13_hs_2---51.png,291,273,326,310,seal
4_20_13_hs_2---52.png,91,187,122,217,seal
4_20_13_hs_2---52.png,126,176,148,210,seal
4_20_13_hs_2---53.png,80,47,117,73,seal
4_20_13_hs_2---53.png,73,10,106,32,seal
4_20_13_hs_2---53.png,147,38,189,65,seal
4_20_13_hs_3---3.png,249,319,297,353,seal
4_20_13_hs_3---3.png,222,360,266,411,seal
4_20_13_hs_3---3.png,230,421,278,453,seal
4_20_13_hs_3---3.png,236,461,292,486,seal
4_20_13_hs_3---3.png,296,423,312,469,seal
4_20_13_hs_3---3.png,357,427,388,494,seal
4_20_13_hs_3---3.png,421,434,460,467,seal
4_20_13_hs_3---3.png,324,469,353,491,seal
4_20_13_hs_3---13.png,215,57,248,103,seal
4_20_13_hs_3---13.png,241,20,292,39,seal
4_20_13_hs_3---13.png,257,440,312,466,seal
4_20_13_hs_3---13.png,352,448,394,477,seal
4_20_13_hs_3---13.png,246,466,285,496,seal
4_20_13_hs_3---13.png,373,260,402,307,seal
4_20_13_hs_3---13.png,329,249,358,291,seal
4_20_13_hs_3---13.png,289,257,319,295,seal
4_20_13_hs_3---13.png,273,213,308,231,seal
4_20_13_hs_3---13.png,365,181,422,206,seal
4_20_13_hs_3---13.png,311,178,350,200,seal
4_20_13_hs_3---13.png,288,151,324,173,seal
4_20_13_hs_3---13.png,322,131,361,160,seal
4_20_13_hs_3---13.png,263,113,314,139,seal
4_20_13_hs_3---13.png,366,148,394,160,seal
4_20_13_hs_3---13.png,365,117,397,138,seal
4_20_13_hs_3---13.png,409,131,442,156,seal
4_20_13_hs_3---13.png,373,90,413,116,seal
4_20_13_hs_3---13.png,327,33,351,83,seal
4_20_13_hs_3---13.png,309,109,334,129,seal
4_20_13_hs_3---13.png,359,3,379,65,seal
4_20_13_hs_3---13.png,383,51,409,95,seal
4_20_13_hs_3---13.png,401,45,433,77,seal
4_20_13_hs_3---13.png,421,1,449,26,seal
4_20_13_hs_3---13.png,285,328,311,364,seal
4_20_13_hs_3---13.png,322,348,351,374,seal
4_20_13_hs_3---23.png,346,8,388,40,seal
4_20_13_hs_3---23.png,249,2,301,24,seal
4_20_13_hs_3---23.png,242,27,287,49,seal
4_20_13_hs_3---23.png,202,41,259,59,seal
4_20_13_hs_3---23.png,246,68,277,90,seal
4_20_13_hs_3---23.png,216,75,270,114,seal
4_20_13_hs_3---23.png,191,107,208,136,seal
4_20_13_hs_3---23.png,214,125,245,153,seal
4_20_13_hs_3---23.png,234,154,271,173,seal
4_20_13_hs_3---23.png,178,144,228,166,seal
4_20_13_hs_3---23.png,162,169,228,188,seal
4_20_13_hs_3---23.png,106,199,154,220,seal
4_20_13_hs_3---23.png,18,426,42,463,seal
4_20_13_hs_3---23.png,14,476,50,497,seal
4_20_13_hs_3---23.png,110,479,160,498,seal
4_20_13_hs_3---23.png,186,396,231,424,seal
4_20_13_hs_3---23.png,178,344,218,370,seal
4_20_13_hs_3---23.png,198,270,213,312,seal
4_20_13_hs_3---23.png,225,271,242,310,seal
4_20_13_hs_3---23.png,133,365,175,384,seal
4_20_13_hs_3---23.png,108,381,145,408,seal
4_20_13_hs_3---23.png,90,435,143,458,seal
4_20_13_hs_3---23.png,62,454,100,471,seal
4_20_13_hs_3---23.png,69,483,98,496,seal
4_20_13_hs_3---23.png,55,409,72,440,seal
4_20_13_hs_3---23.png,55,383,102,408,seal
4_20_13_hs_3---23.png,78,416,106,437,seal
4_20_13_hs_3---23.png,113,412,143,432,seal
4_20_13_hs_3---23.png,196,221,229,236,seal
4_20_13_hs_3---23.png,197,196,235,211,seal
4_20_13_hs_3---23.png,150,231,195,249,seal
4_20_13_hs_3---23.png,161,253,207,267,seal
4_20_13_hs_3---23.png,91,273,122,302,seal
4_20_13_hs_3---23.png,114,262,153,281,seal
4_20_13_hs_3---23.png,104,303,162,333,seal
4_20_13_hs_3---23.png,132,335,164,357,seal
4_20_13_hs_3---23.png,114,280,161,298,seal
4_20_13_hs_3---23.png,89,362,103,380,seal
4_20_13_hs_3---32.png,203,257,236,291,seal
4_20_13_hs_3---32.png,233,345,267,372,seal
4_20_13_hs_3---32.png,268,313,300,344,seal
4_20_13_hs_3---32.png,311,392,334,423,seal
4_20_13_hs_3---32.png,349,419,381,449,seal
4_20_13_hs_3---32.png,354,277,387,292,seal
4_20_13_hs_3---32.png,315,168,365,207,seal
4_20_13_hs_3---32.png,322,115,344,149,seal
4_20_13_hs_3---32.png,369,142,405,167,seal
4_20_13_hs_3---32.png,423,167,453,195,seal
4_20_13_hs_3---32.png,375,121,422,149,seal
4_20_13_hs_3---32.png,436,81,464,120,seal
4_20_13_hs_3---32.png,389,37,419,64,seal
4_20_13_hs_3---32.png,368,4,401,37,seal
4_20_13_hs_3---32.png,457,0,482,19,seal
4_20_13_hs_3---32.png,455,36,492,71,seal
4_20_13_hs_3---32.png,426,65,471,81,seal
4_20_13_hs_3---32.png,246,186,277,213,seal
4_20_13_hs_3---32.png,256,215,282,239,seal
4_20_13_hs_3---32.png,288,234,320,275,seal
4_20_13_hs_3---32.png,321,285,361,329,seal
4_20_13_hs_3---32.png,393,223,437,255,seal
4_20_13_hs_3---32.png,379,238,417,269,seal
4_20_13_hs_3---32.png,408,308,452,348,seal
4_20_13_hs_4---65.png,160,78,201,149,seal
4_20_13_hs_4---65.png,287,129,350,171,seal
4_20_13_hs_4---65.png,402,87,446,120,seal
4_20_13_hs_4---65.png,463,76,496,116,seal
4_20_13_hs_4---65.png,355,7,392,68,seal
4_20_13_hs_4---65.png,327,29,360,89,seal
4_20_13_hs_4---65.png,299,45,321,104,seal
4_20_13_hs_4---65.png,321,95,356,129,seal
4_20_13_hs_4---66.png,113,19,156,60,seal
4_20_13_hs_4---66.png,31,79,73,122,seal
4_20_13_hs_5---35.png,146,17,196,59,seal
4_20_13_hs_5---35.png,190,394,247,419,seal
4_20_13_hs_5---35.png,312,450,355,477,seal
4_20_13_hs_5---35.png,314,402,366,449,seal
4_20_13_hs_5---35.png,262,369,309,398,seal
4_20_13_hs_5---35.png,218,348,258,380,seal
4_20_13_hs_5---35.png,301,282,329,326,seal
4_20_13_hs_5---44.png,436,107,492,123,seal
4_20_13_hs_5---44.png,449,127,471,163,seal
4_20_13_hs_5---44.png,338,388,379,421,seal
4_20_13_hs_5---45.png,85,300,114,349,seal
4_20_13_hs_5---45.png,151,164,186,195,seal
4_20_13_hs_5---45.png,220,154,262,182,seal
4_20_13_hs_5---45.png,180,113,210,154,seal
4_20_13_hs_5---45.png,200,88,232,122,seal
4_20_13_hs_5---45.png,241,221,264,265,seal
4_20_13_hs_6---13.png,319,344,356,371,seal
4_20_13_hs_6---13.png,325,312,360,341,seal
4_20_13_hs_6---13.png,161,280,187,302,seal
4_20_13_hs_6---13.png,180,260,213,293,seal
4_20_13_hs_6---13.png,160,261,174,279,seal
4_20_13_hs_6---35.png,159,201,196,225,seal
4_20_13_hs_6---35.png,84,385,114,412,seal
4_20_13_hs_6---35.png,289,408,325,470,seal
4_20_13_hs_6---35.png,178,298,230,325,seal
4_20_13_hs_6---35.png,222,281,254,302,seal
4_20_13_hs_6---45.png,322,55,363,100,seal
4_20_13_hs_7---1.png,450,107,487,136,seal
4_20_13_hs_7---1.png,449,63,489,104,seal
4_20_13_hs_7---2.png,8,105,52,137,seal
4_20_13_hs_7---2.png,8,71,48,101,seal
4_20_13_hs_7---2.png,186,162,220,181,seal
4_20_13_hs_7---2.png,194,130,229,155,seal
4_20_13_hs_7---2.png,171,218,214,238,seal
4_20_13_hs_7---2.png,407,165,451,191,seal
4_20_13_hs_7---2.png,407,197,431,223,seal
4_20_13_hs_7---2.png,465,243,496,258,seal
4_20_13_hs_7---2.png,469,265,498,276,seal
4_20_13_hs_7---2.png,393,446,430,488,seal
4_20_13_hs_7---2.png,388,423,430,444,seal
4_20_13_hs_7---2.png,263,417,297,445,seal
4_20_13_hs_7---2.png,282,417,319,435,seal
4_20_13_hs_7---2.png,223,197,257,237,seal
4_20_13_hs_7---2.png,228,244,254,272,seal
4_20_13_hs_7---2.png,265,248,295,270,seal
4_20_13_hs_7---2.png,272,214,306,244,seal
4_20_13_hs_7---2.png,208,83,232,101,seal
4_20_13_hs_7---2.png,348,305,377,344,seal
4_20_13_hs_7---2.png,346,347,392,364,seal
4_20_13_hs_7---2.png,413,400,438,424,seal
4_20_13_hs_7---3.png,36,234,68,253,seal
4_20_13_hs_7---3.png,26,256,69,282,seal
4_20_13_hs_7---3.png,69,386,104,403,seal
4_20_13_hs_7---12.png,386,6,425,60,seal
4_20_13_hs_7---13.png,116,290,161,341,seal
4_20_13_hs_7---13.png,215,268,258,300,seal
4_20_13_hs_7---13.png,131,116,156,160,seal
4_20_13_hs_7---13.png,105,109,128,141,seal
4_20_13_hs_7---13.png,49,50,71,75,seal
4_20_13_hs_7---13.png,74,43,94,61,seal
4_20_13_hs_7---13.png,69,68,109,85,seal
4_20_13_hs_7---13.png,52,316,86,344,seal
4_20_13_hs_7---13.png,156,409,183,455,seal
4_20_13_hs_7---13.png,236,371,287,396,seal
4_20_13_hs_7---13.png,292,373,335,400,seal
4_20_13_hs_7---13.png,265,348,292,376,seal
4_20_13_hs_7---13.png,296,392,344,431,seal
4_20_13_hs_7---23.png,327,71,366,93,seal
4_20_13_hs_7---23.png,368,66,399,93,seal
4_20_13_hs_7---23.png,254,84,285,117,seal
4_20_13_hs_7---24.png,75,449,100,480,seal
4_20_13_hs_7---24.png,84,465,120,492,seal
4_20_13_hs_7---34.png,96,80,149,121,seal
4_20_13_hs_7---34.png,115,64,148,92,seal
4_20_13_hs_7---34.png,300,108,353,132,seal
4_20_13_hs_7---34.png,85,17,125,51,seal
4_20_13_hs_7---34.png,69,10,95,37,seal
4_20_13_hs_7---55.png,295,44,343,73,seal
4_20_13_hs_7---55.png,277,13,324,40,seal
4_20_13_hs_7---66.png,285,263,310,303,seal
4_20_13_hs_7---66.png,382,146,408,177,seal
4_20_13_hs_7---66.png,435,359,498,397,seal
4_20_13_hs_7---66.png,414,421,437,481,seal
4_20_13_hs_7---66.png,461,419,500,446,seal
4_20_13_hs_7---66.png,244,77,284,113,seal
4_20_13_hs_7---66.png,287,71,318,113,seal
4_20_13_hs_7---66.png,304,138,328,173,seal
4_20_13_hs_7---66.png,329,193,369,223,seal
4_20_13_hs_7---66.png,298,218,348,240,seal
4_20_13_hs_7---66.png,343,240,369,269,seal
4_20_13_hs_7---66.png,434,288,448,312,seal
4_20_13_hs_7---66.png,452,283,479,328,seal
4_20_13_hs_7---67.png,83,246,125,273,seal
4_20_13_hs_7---67.png,69,279,99,298,seal
4_20_13_hs_7---67.png,65,312,103,347,seal
4_20_13_hs_7---67.png,242,437,264,470,seal
4_20_13_hs_7---67.png,199,433,210,464,seal
4_20_13_hs_7---67.png,202,460,239,489,seal
4_20_13_hs_7---67.png,18,421,73,443,seal
4_20_13_hs_7---67.png,7,366,62,401,seal
4_20_13_hs_7---67.png,12,283,42,327,seal
4_20_13_hs_7---96.png,266,121,305,152,seal
4_20_13_hs_7---96.png,287,52,321,91,seal
4_20_13_hs_7---96.png,299,5,346,34,seal
4_20_13_hs_7---96.png,351,19,368,80,seal
4_20_13_hs_7---96.png,431,75,459,96,seal
4_20_13_hs_7---96.png,447,72,478,115,seal
4_20_13_hs_7---96.png,438,152,488,189,seal
4_20_13_hs_7---96.png,416,209,441,271,seal
4_20_13_hs_7---96.png,450,207,495,231,seal
4_20_13_hs_7---97.png,82,36,127,58,seal
4_20_13_hs_7---97.png,78,65,116,88,seal
4_20_13_hs_7---97.png,63,99,115,137,seal
4_20_13_hs_7---97.png,9,72,45,109,seal
4_20_13_hs_7---97.png,8,155,58,189,seal
4_20_13_hs_7---97.png,12,216,78,236,seal
4_20_13_hs_7---97.png,38,272,66,308,seal
4_20_13_hs_7---97.png,70,264,108,305,seal
4_20_13_hs_7---97.png,198,245,239,276,seal
4_20_13_hs_7---97.png,194,217,212,247,seal
4_20_13_hs_7---97.png,245,224,268,271,seal
4_20_13_hs_7---97.png,158,315,183,347,seal
4_20_13_hs_7---97.png,180,316,201,353,seal
4_20_13_hs_7---97.png,120,375,166,398,seal
4_20_13_hs_8---55.png,19,286,61,347,seal
4_20_13_hs_8---55.png,56,353,76,386,seal
4_20_13_hs_8---55.png,306,422,352,456,seal
4_20_13_hs_8---55.png,320,390,360,413,seal
4_20_13_hs_8---64.png,403,120,453,146,seal
4_20_13_hs_8---64.png,455,104,476,136,seal
4_20_13_hs_8---64.png,436,295,476,315,seal
4_20_13_hs_8---64.png,444,248,478,290,seal
4_20_13_hs_8---64.png,459,170,485,204,seal
4_20_13_hs_8---65.png,18,172,41,204,seal
4_20_13_hs_8---65.png,30,156,80,202,seal
4_20_13_hs_8---65.png,22,104,40,136,seal
4_20_13_hs_8---65.png,123,122,149,171,seal
4_20_13_hs_8---65.png,183,177,222,232,seal
4_20_13_hs_8---65.png,340,202,389,249,seal
4_20_13_hs_8---65.png,428,221,472,259,seal
4_20_13_hs_8---65.png,416,199,452,223,seal
4_20_13_hs_8---65.png,177,270,214,298,seal
4_20_13_hs_8---65.png,105,234,153,261,seal
4_20_13_hs_8---65.png,79,253,121,277,seal
4_20_13_hs_8---65.png,2,290,34,315,seal
4_20_13_hs_8---65.png,80,310,105,352,seal
4_20_13_hs_8---65.png,100,299,138,340,seal
4_20_13_hs_8---65.png,135,289,156,333,seal
4_20_13_hs_8---65.png,165,393,205,428,seal
4_20_13_hs_8---65.png,208,351,239,394,seal
4_20_13_hs_8---65.png,342,396,384,436,seal
4_20_13_hs_8---65.png,298,411,322,451,seal
4_20_13_hs_8---65.png,296,463,327,494,seal
4_20_13_hs_8---65.png,234,409,261,437,seal
4_20_13_hs_8---65.png,221,425,242,456,seal
4_20_13_hs_8---65.png,5,241,41,290,seal
4_20_13_hs_8---66.png,157,359,181,385,seal
4_20_13_hs_8---66.png,186,357,223,397,seal
4_20_13_hs_8---94.png,421,33,481,83,seal
4_20_13_hs_8---94.png,443,81,477,103,seal
4_20_13_hs_8---95.png,282,332,317,351,seal
4_20_13_hs_8---95.png,313,295,346,348,seal
4_20_13_hs_8---95.png,279,272,306,297,seal
4_20_13_hs_8---95.png,302,242,330,289,seal
4_20_13_hs_8---95.png,295,206,319,233,seal
4_20_13_hs_8---95.png,343,175,376,219,seal
4_20_13_hs_8---95.png,236,188,256,210,seal
4_20_13_hs_8---95.png,219,207,246,231,seal
4_20_13_hs_8---95.png,168,175,195,210,seal
4_20_13_hs_8---95.png,209,139,242,183,seal
4_20_13_hs_8---95.png,86,93,104,133,seal
4_20_13_hs_8---95.png,95,85,134,127,seal
4_20_13_hs_8---95.png,138,82,156,117,seal
4_20_13_hs_8---95.png,168,68,207,94,seal
4_20_13_hs_8---95.png,76,41,127,69,seal
4_20_13_hs_8---95.png,2,76,31,101,seal
4_20_13_hs_8---95.png,4,36,38,72,seal
4_20_13_hs_8---95.png,118,7,152,41,seal
4_20_13_hs_8---95.png,429,9,465,36,seal
4_20_13_hs_8---95.png,346,5,387,35,seal
4_20_13_hs_8---96.png,167,147,188,181,seal
4_20_13_hs_8---96.png,188,140,221,194,seal
4_20_13_hs_8---96.png,260,388,280,408,seal
4_20_13_hs_8---96.png,285,363,318,412,seal
4_20_13_hs_8---96.png,457,404,495,434,seal
4_20_13_hs_9---34.png,221,381,249,399,seal
4_20_13_hs_9---34.png,236,404,275,438,seal
4_20_13_hs_9---34.png,299,385,327,425,seal
4_20_13_hs_9---34.png,316,414,355,429,seal
4_20_13_hs_9---34.png,364,391,397,423,seal
4_20_13_hs_9---34.png,436,428,461,460,seal
4_20_13_hs_9---34.png,410,428,440,470,seal
4_20_13_hs_9---34.png,446,377,491,417,seal
4_20_13_hs_9---34.png,460,421,497,454,seal
4_20_13_hs_9---34.png,350,442,365,491,seal
4_20_13_hs_9---34.png,200,449,231,475,seal
4_20_13_hs_9---34.png,215,432,239,459,seal
4_20_13_hs_9---35.png,265,93,313,126,seal
4_20_13_hs_9---35.png,416,328,449,370,seal
4_20_13_hs_9---35.png,397,333,424,352,seal
4_20_13_hs_9---35.png,306,341,334,384,seal
4_20_13_hs_9---35.png,320,379,357,401,seal
4_20_13_hs_9---35.png,268,396,290,424,seal
4_20_13_hs_9---35.png,201,383,227,406,seal
4_20_13_hs_9---35.png,185,349,219,381,seal
4_20_13_hs_9---35.png,153,242,179,289,seal
4_20_13_hs_9---35.png,126,411,152,466,seal
4_20_13_hs_9---35.png,143,412,172,458,seal
4_20_13_hs_9---35.png,73,317,93,338,seal
4_20_13_hs_9---35.png,98,326,130,359,seal
4_20_13_hs_9---35.png,88,363,118,393,seal
4_20_13_hs_9---35.png,47,392,76,411,seal
4_20_13_hs_9---35.png,13,382,41,415,seal
4_20_13_hs_9---35.png,26,419,71,457,seal
4_20_13_hs_9---35.png,0,421,18,459,seal
4_20_13_hs_9---35.png,30,480,80,497,seal
4_20_13_hs_9---36.png,14,197,74,236,seal
4_20_13_hs_9---36.png,53,109,87,158,seal
4_20_13_hs_9---43.png,366,171,417,205,seal
4_20_13_hs_9---44.png,73,171,95,203,seal
4_20_13_hs_9---44.png,43,164,76,184,seal
4_20_13_hs_9---44.png,308,174,327,207,seal
4_20_13_hs_9---44.png,280,149,326,170,seal
4_20_13_hs_9---44.png,248,100,277,121,seal
4_20_13_hs_9---44.png,249,66,301,100,seal
4_20_13_hs_9---44.png,271,52,291,76,seal
4_20_13_hs_9---44.png,290,38,320,89,seal
4_20_13_hs_9---44.png,347,1,371,46,seal
4_20_13_hs_9---44.png,205,10,232,35,seal
4_20_13_hs_9---44.png,466,40,493,61,seal
4_20_13_hs_9---44.png,176,158,194,181,seal
4_20_13_hs_9---44.png,295,264,335,303,seal
4_20_13_hs_9---45.png,318,138,356,216,seal
4_20_13_hs_9---45.png,29,35,64,65,seal
4_20_13_hs_10---25.png,304,304,368,340,seal
4_20_13_hs_10---25.png,300,260,358,298,seal
4_20_13_hs_10---25.png,322,185,351,225,seal
4_20_13_hs_10---35.png,258,91,282,129,seal
4_20_13_hs_10---35.png,235,183,280,223,seal
4_20_13_hs_10---35.png,288,175,317,208,seal
4_20_13_hs_10---35.png,308,394,346,426,seal
4_20_13_hs_10---35.png,325,428,374,460,seal
4_20_13_hs_10---35.png,407,383,432,408,seal
4_20_13_hs_10---35.png,334,377,359,410,seal
5_6_12_hs_1---43.png,392,341,424,375,seal
5_6_12_hs_1---43.png,424,343,446,370,seal
5_6_12_hs_1---43.png,439,366,460,397,seal
5_6_12_hs_1---43.png,464,387,489,424,seal
5_6_12_hs_1---43.png,442,299,480,336,seal
5_6_12_hs_1---43.png,465,323,488,362,seal
5_6_12_hs_1---43.png,344,385,368,414,seal
5_6_12_hs_1---43.png,279,334,301,359,seal
5_6_12_hs_1---43.png,306,332,336,373,seal
5_6_12_hs_1---43.png,212,388,259,406,seal
5_6_12_hs_1---43.png,227,410,249,427,seal
5_6_12_hs_1---43.png,263,390,319,409,seal
5_6_12_hs_1---43.png,259,412,281,427,seal
5_6_12_hs_1---43.png,306,410,333,442,seal
5_6_12_hs_1---43.png,259,444,286,471,seal
5_6_12_hs_1---43.png,276,451,305,477,seal
5_6_12_hs_1---43.png,232,452,269,481,seal
5_6_12_hs_1---43.png,396,408,452,444,seal
5_6_12_hs_1---44.png,261,188,290,232,seal
5_6_12_hs_1---44.png,265,240,304,261,seal
5_6_12_hs_1---44.png,108,149,157,178,seal
5_6_12_hs_1---44.png,57,116,95,150,seal
5_6_12_hs_1---44.png,125,195,172,240,seal
5_6_12_hs_1---44.png,172,271,194,299,seal
5_6_12_hs_1---44.png,192,262,220,301,seal
5_6_12_hs_1---44.png,124,322,153,353,seal
5_6_12_hs_1---44.png,117,272,159,299,seal
5_6_12_hs_1---44.png,101,295,143,314,seal
5_6_12_hs_1---44.png,46,313,94,331,seal
5_6_12_hs_1---44.png,46,337,64,351,seal
5_6_12_hs_1---44.png,28,329,46,361,seal
5_6_12_hs_1---44.png,14,300,45,335,seal
5_6_12_hs_1---44.png,51,276,76,297,seal
5_6_12_hs_1---44.png,10,367,25,395,seal
5_6_12_hs_1---44.png,29,383,51,415,seal
5_6_12_hs_1---44.png,78,291,97,310,seal
5_6_12_hs_1---51.png,245,325,274,347,seal
5_6_12_hs_1---51.png,279,323,319,348,seal
5_6_12_hs_1---51.png,314,277,344,296,seal
5_6_12_hs_1---51.png,368,272,391,285,seal
5_6_12_hs_1---51.png,404,278,430,299,seal
5_6_12_hs_1---51.png,425,291,452,316,seal
5_6_12_hs_1---51.png,449,360,483,389,seal
5_6_12_hs_1---52.png,235,305,272,328,seal
5_6_12_hs_1---52.png,301,308,335,344,seal
5_6_12_hs_1---52.png,342,297,369,339,seal
5_6_12_hs_1---52.png,268,219,322,243,seal
5_6_12_hs_1---52.png,458,172,489,205,seal
5_6_12_hs_1---52.png,447,138,486,161,seal
5_6_12_hs_1---52.png,481,115,498,144,seal
5_6_12_hs_1---52.png,16,360,44,384,seal
5_6_12_hs_1---52.png,66,288,99,319,seal
5_6_12_hs_1---52.png,140,281,160,306,seal
5_6_12_hs_1---52.png,172,294,190,309,seal
5_6_12_hs_1---52.png,170,276,193,291,seal
5_6_12_hs_1---52.png,161,250,189,272,seal
5_6_12_hs_1---52.png,193,261,214,287,seal
5_6_12_hs_1---52.png,219,233,241,267,seal
5_6_12_hs_1---52.png,298,147,316,165,seal
5_6_12_hs_1---52.png,309,156,330,185,seal
5_6_12_hs_1---52.png,347,136,372,163,seal
5_6_12_hs_1---52.png,374,107,393,139,seal
5_6_12_hs_1---52.png,328,181,358,221,seal
5_6_12_hs_1---52.png,353,192,389,219,seal
5_6_12_hs_1---52.png,397,153,424,194,seal
5_6_12_hs_1---52.png,375,206,422,224,seal
5_6_12_hs_1---52.png,103,283,137,311,seal
5_6_12_hs_1---52.png,236,180,261,220,seal
5_6_12_hs_1---52.png,360,228,385,259,seal
5_6_12_hs_1---52.png,462,274,496,325,seal
5_6_12_hs_1---52.png,366,254,406,274,seal
5_6_12_hs_1---53.png,16,173,54,201,seal
5_6_12_hs_1---53.png,73,219,112,245,seal
5_6_12_hs_1---53.png,256,231,286,259,seal
5_6_12_hs_1---53.png,232,97,270,117,seal
5_6_12_hs_1---53.png,194,109,240,133,seal
5_6_12_hs_1---53.png,152,154,198,192,seal
5_6_12_hs_1---53.png,117,167,144,212,seal
5_6_12_hs_1---53.png,80,152,106,188,seal
5_6_12_hs_1---53.png,121,119,150,141,seal
5_6_12_hs_1---53.png,136,52,180,82,seal
5_6_12_hs_1---53.png,205,74,235,91,seal
5_6_12_hs_1---53.png,242,55,278,69,seal
5_6_12_hs_1---53.png,89,101,121,120,seal
5_6_12_hs_1---53.png,64,99,87,148,seal
5_6_12_hs_1---53.png,40,116,62,144,seal
5_6_12_hs_1---53.png,4,136,46,161,seal
5_6_12_hs_1---53.png,248,35,276,48,seal
5_6_12_hs_1---53.png,237,13,263,36,seal
5_6_12_hs_1---53.png,268,4,285,29,seal
5_6_12_hs_1---53.png,277,11,301,36,seal
5_6_12_hs_1---53.png,296,30,316,58,seal
5_6_12_hs_1---53.png,273,133,295,161,seal
5_6_12_hs_2---39.png,381,477,428,495,seal
5_6_12_hs_2---39.png,86,418,120,442,seal
5_6_12_hs_2---48.png,48,439,80,456,seal
5_6_12_hs_2---48.png,47,414,84,434,seal
5_6_12_hs_2---48.png,84,405,110,428,seal
5_6_12_hs_2---48.png,107,402,145,424,seal
5_6_12_hs_2---48.png,145,363,170,399,seal
5_6_12_hs_2---48.png,108,324,145,348,seal
5_6_12_hs_2---48.png,139,317,161,346,seal
5_6_12_hs_2---48.png,194,325,216,347,seal
5_6_12_hs_2---48.png,174,352,196,370,seal
5_6_12_hs_2---48.png,5,365,44,381,seal
5_6_12_hs_2---48.png,50,367,68,390,seal
5_6_12_hs_2---48.png,88,364,110,387,seal
5_6_12_hs_2---48.png,76,305,103,328,seal
5_6_12_hs_2---48.png,175,375,198,418,seal
5_6_12_hs_2---48.png,273,392,307,423,seal
5_6_12_hs_2---48.png,306,387,341,419,seal
5_6_12_hs_2---48.png,395,368,422,389,seal
5_6_12_hs_2---48.png,449,343,484,358,seal
5_6_12_hs_2---48.png,479,321,498,341,seal
5_6_12_hs_2---48.png,419,295,455,335,seal
5_6_12_hs_2---48.png,402,270,426,304,seal
5_6_12_hs_2---48.png,375,300,411,330,seal
5_6_12_hs_2---48.png,376,329,411,351,seal
5_6_12_hs_2---48.png,339,340,362,369,seal
5_6_12_hs_2---48.png,275,340,301,377,seal
5_6_12_hs_2---48.png,332,310,372,335,seal
5_6_12_hs_2---48.png,294,279,314,293,seal
5_6_12_hs_2---48.png,284,261,314,276,seal
5_6_12_hs_2---48.png,300,236,327,252,seal
5_6_12_hs_2---48.png,339,248,391,283,seal
5_6_12_hs_2---48.png,378,227,423,264,seal
5_6_12_hs_2---48.png,408,219,433,248,seal
5_6_12_hs_2---56.png,428,125,484,154,seal
5_6_12_hs_2---56.png,428,149,475,180,seal
5_6_12_hs_2---56.png,366,169,416,202,seal
5_6_12_hs_2---56.png,329,199,357,225,seal
5_6_12_hs_2---56.png,200,202,243,228,seal
5_6_12_hs_2---56.png,146,328,167,363,seal
5_6_12_hs_2---57.png,399,34,428,54,seal
5_6_12_hs_2---57.png,374,19,400,58,seal
5_6_12_hs_2---57.png,180,112,204,133,seal
5_6_12_hs_2---57.png,148,105,175,129,seal
5_6_12_hs_2---57.png,121,122,147,153,seal
5_6_12_hs_2---57.png,84,116,110,144,seal
5_6_12_hs_2---57.png,102,34,133,63,seal
5_6_12_hs_2---57.png,4,151,35,180,seal
5_6_12_hs_2---57.png,2,125,36,154,seal
5_6_12_hs_2---57.png,61,97,77,113,seal
5_6_12_hs_2---57.png,46,80,62,100,seal
5_6_12_hs_2---57.png,34,111,72,132,seal
5_6_12_hs_2---57.png,183,15,221,43,seal
5_6_12_hs_2---57.png,310,29,334,61,seal
5_6_12_hs_2---57.png,271,41,300,77,seal
5_6_12_hs_2---57.png,239,43,263,81,seal
5_6_12_hs_2---86.png,40,471,93,496,seal
5_6_12_hs_2---86.png,215,434,273,461,seal
5_6_12_hs_2---86.png,231,461,254,476,seal
5_6_12_hs_2---87.png,31,242,74,267,seal
5_6_12_hs_2---87.png,40,29,88,59,seal
5_6_12_hs_2---87.png,213,0,260,19,seal
5_6_12_hs_2---87.png,232,21,251,39,seal
5_6_12_hs_2---87.png,239,85,277,108,seal
5_6_12_hs_2---87.png,312,133,364,165,seal
5_6_12_hs_2---87.png,205,174,247,196,seal
5_6_12_hs_2---87.png,179,149,226,172,seal
5_6_12_hs_2---87.png,133,164,162,205,seal
5_6_12_hs_2---87.png,97,145,129,176,seal
5_6_12_hs_2---87.png,114,133,142,165,seal
5_6_12_hs_2---87.png,71,172,93,190,seal
5_6_12_hs_2---87.png,38,197,70,213,seal
5_6_12_hs_2---87.png,1,216,25,233,seal
5_6_12_hs_2---87.png,15,123,40,144,seal
5_6_12_hs_2---87.png,23,109,57,128,seal
5_6_12_hs_2---91.png,156,128,209,169,seal
5_6_12_hs_2---91.png,130,24,159,75,seal
5_6_12_hs_2---91.png,207,67,228,101,seal
5_6_12_hs_2---91.png,236,43,265,65,seal
5_6_12_hs_2---91.png,288,32,319,62,seal
5_6_12_hs_2---91.png,331,26,377,52,seal
5_6_12_hs_2---91.png,314,50,347,69,seal
5_6_12_hs_2---91.png,239,73,273,98,seal
5_6_12_hs_2---91.png,46,101,88,131,seal
5_6_12_hs_2---91.png,60,128,78,144,seal
5_6_12_hs_2---91.png,396,14,421,59,seal
5_6_12_hs_2---91.png,455,39,475,59,seal
5_6_12_hs_2---91.png,456,12,477,34,seal
5_6_12_hs_2---91.png,184,46,206,61,seal
5_6_12_hs_2---91.png,270,88,299,108,seal
5_6_12_hs_3---43.png,29,411,68,450,seal
5_6_12_hs_3---43.png,130,467,174,497,seal
5_6_12_hs_3---53.png,286,216,314,258,seal
5_6_12_hs_3---53.png,344,180,360,239,seal
5_6_12_hs_3---53.png,375,229,407,280,seal
5_6_12_hs_3---53.png,361,219,388,251,seal
5_6_12_hs_3---53.png,415,180,476,207,seal
5_6_12_hs_3---53.png,337,149,385,175,seal
5_6_12_hs_3---53.png,282,160,322,195,seal
5_6_12_hs_3---53.png,215,95,246,131,seal
5_6_12_hs_3---53.png,215,63,271,88,seal
5_6_12_hs_3---53.png,188,66,211,98,seal
5_6_12_hs_3---53.png,153,59,177,89,seal
5_6_12_hs_3---53.png,131,28,166,62,seal
5_6_12_hs_3---53.png,113,66,148,88,seal
5_6_12_hs_3---54.png,190,174,228,209,seal
5_6_12_hs_3---54.png,370,245,408,283,seal
5_6_12_hs_3---54.png,421,285,447,308,seal
5_6_12_hs_3---54.png,392,299,433,324,seal
5_6_12_hs_3---54.png,308,285,344,307,seal
5_6_12_hs_3---54.png,346,304,379,331,seal
5_6_12_hs_3---54.png,74,236,102,273,seal
5_6_12_hs_3---54.png,148,315,192,342,seal
5_6_12_hs_3---54.png,165,356,193,375,seal
5_6_12_hs_3---55.png,55,251,109,274,seal
5_6_12_hs_3---55.png,193,312,217,332,seal
5_6_12_hs_4---5.png,69,437,92,466,seal
5_6_12_hs_4---5.png,94,432,133,457,seal
5_6_12_hs_4---5.png,80,389,107,436,seal
5_6_12_hs_4---5.png,67,356,102,378,seal
5_6_12_hs_4---5.png,144,137,193,155,seal
5_6_12_hs_4---5.png,157,116,183,137,seal
5_6_12_hs_4---5.png,138,74,181,96,seal
5_6_12_hs_4---5.png,197,35,227,59,seal
5_6_12_hs_4---5.png,169,16,204,37,seal
5_6_12_hs_4---5.png,58,53,89,74,seal
5_6_12_hs_4---5.png,48,122,79,145,seal
5_6_12_hs_4---5.png,57,156,95,177,seal
5_6_12_hs_4---5.png,37,167,65,199,seal
5_6_12_hs_4---5.png,8,180,42,205,seal
5_6_12_hs_4---5.png,73,308,94,334,seal
5_6_12_hs_4---5.png,24,325,54,349,seal
5_6_12_hs_4---5.png,40,209,73,238,seal
5_6_12_hs_4---5.png,13,218,31,253,seal
5_6_12_hs_4---5.png,4,313,25,335,seal
5_6_12_hs_4---5.png,46,362,75,398,seal
5_6_12_hs_4---5.png,97,466,126,498,seal
5_6_12_hs_4---5.png,22,428,50,464,seal
5_6_12_hs_4---14.png,445,428,491,475,seal
5_6_12_hs_4---14.png,452,369,474,389,seal
5_6_12_hs_4---14.png,382,259,423,289,seal
5_6_12_hs_4---14.png,370,297,404,314,seal
5_6_12_hs_4---14.png,341,327,370,373,seal
5_6_12_hs_4---14.png,365,370,407,392,seal
5_6_12_hs_4---14.png,394,392,444,407,seal
5_6_12_hs_4---14.png,309,426,336,453,seal
5_6_12_hs_4---14.png,310,395,340,420,seal
5_6_12_hs_4---14.png,412,79,441,115,seal
5_6_12_hs_4---14.png,381,90,408,111,seal
5_6_12_hs_4---14.png,383,112,415,144,seal
5_6_12_hs_4---14.png,402,154,431,173,seal
5_6_12_hs_4---14.png,399,174,447,196,seal
5_6_12_hs_4---14.png,423,249,445,286,seal
5_6_12_hs_4---14.png,407,215,423,255,seal
5_6_12_hs_4---14.png,386,194,424,221,seal
5_6_12_hs_4---14.png,362,207,388,231,seal
5_6_12_hs_4---15.png,8,423,52,475,seal
5_6_12_hs_4---15.png,89,26,122,69,seal
5_6_12_hs_4---24.png,346,258,401,288,seal
5_6_12_hs_4---24.png,392,285,436,310,seal
5_6_12_hs_4---24.png,367,313,425,337,seal
5_6_12_hs_4---24.png,393,347,417,359,seal
5_6_12_hs_4---24.png,368,355,400,376,seal
5_6_12_hs_4---24.png,348,378,400,400,seal
5_6_12_hs_4---24.png,468,476,496,495,seal
5_6_12_hs_4---24.png,427,470,455,499,seal
5_6_12_hs_4---24.png,404,437,442,481,seal
5_6_12_hs_4---24.png,384,436,412,470,seal
5_6_12_hs_4---24.png,341,392,373,409,seal
5_6_12_hs_4---24.png,357,187,380,237,seal
5_6_12_hs_4---24.png,363,133,434,153,seal
5_6_12_hs_4---24.png,338,65,370,98,seal
5_6_12_hs_4---24.png,431,75,463,107,seal
5_6_12_hs_4---24.png,448,0,482,36,seal
5_6_12_hs_4---24.png,385,155,439,176,seal
5_6_12_hs_4---24.png,384,178,426,193,seal
5_6_12_hs_4---24.png,390,196,446,219,seal
5_6_12_hs_4---34.png,302,252,339,281,seal
5_6_12_hs_4---34.png,369,265,410,287,seal
5_6_12_hs_4---34.png,318,134,343,186,seal
5_6_12_hs_4---34.png,350,138,392,175,seal
5_6_12_hs_4---34.png,390,167,419,229,seal
5_6_12_hs_4---34.png,381,113,426,135,seal
5_6_12_hs_4---34.png,379,78,412,108,seal
5_6_12_hs_4---34.png,408,56,452,99,seal
5_6_12_hs_4---34.png,426,25,455,62,seal
5_6_12_hs_4---34.png,400,0,441,42,seal
5_6_12_hs_4---34.png,385,2,404,27,seal
5_6_12_hs_4---34.png,466,52,488,68,seal
5_6_12_hs_4---34.png,466,31,497,59,seal
5_6_12_hs_4---34.png,477,207,497,232,seal
5_6_12_hs_5---36.png,112,271,149,295,seal
5_6_12_hs_5---36.png,244,194,290,229,seal
5_6_12_hs_5---45.png,294,436,332,474,seal
5_6_12_hs_5---45.png,314,417,342,440,seal
5_6_12_hs_5---45.png,323,400,351,419,seal
5_6_12_hs_5---45.png,342,346,362,381,seal
5_6_12_hs_5---45.png,364,335,386,363,seal
5_6_12_hs_5---45.png,360,299,386,323,seal
5_6_12_hs_5---45.png,378,277,400,299,seal
5_6_12_hs_5---45.png,390,304,452,333,seal
5_6_12_hs_5---45.png,240,472,271,495,seal
5_6_12_hs_5---45.png,291,475,336,499,seal
5_6_12_hs_5---55.png,380,64,408,80,seal
5_6_12_hs_5---55.png,402,47,437,96,seal
5_6_12_hs_5---55.png,315,181,358,205,seal
5_6_12_hs_5---55.png,268,143,318,170,seal
5_6_12_hs_5---55.png,257,117,278,132,seal
5_6_12_hs_5---55.png,284,109,320,136,seal
5_6_12_hs_5---55.png,290,39,335,66,seal
5_6_12_hs_5---55.png,242,30,278,60,seal
5_6_12_hs_5---55.png,294,1,332,34,seal
5_6_12_hs_5---55.png,225,199,258,240,seal
5_6_12_hs_5---55.png,239,178,271,196,seal
5_6_12_hs_5---55.png,224,273,252,336,seal
5_6_12_hs_5---55.png,171,312,239,353,seal
5_6_12_hs_5---55.png,154,332,198,367,seal
5_6_12_hs_5---55.png,139,397,171,424,seal
5_6_12_hs_5---55.png,167,410,208,429,seal
5_6_12_hs_5---55.png,154,434,194,453,seal
5_6_12_hs_5---55.png,145,447,187,479,seal
5_6_12_hs_5---55.png,61,478,110,498,seal
5_6_12_hs_5---64.png,468,296,497,322,seal
5_6_12_hs_5---64.png,431,403,473,439,seal
5_6_12_hs_5---64.png,442,376,483,405,seal
5_6_12_hs_5---64.png,429,284,457,325,seal
5_6_12_hs_5---64.png,444,251,468,294,seal
5_6_12_hs_5---64.png,462,442,491,469,seal
5_6_12_hs_5---64.png,421,446,456,474,seal
5_6_12_hs_5---94.png,260,451,290,470,seal
5_6_12_hs_5---94.png,346,438,376,459,seal
5_6_12_hs_5---94.png,332,461,347,488,seal
5_6_12_hs_5---94.png,398,413,440,443,seal
5_6_12_hs_5---94.png,376,381,430,402,seal
5_6_12_hs_5---94.png,382,356,415,375,seal
5_6_12_hs_5---94.png,423,318,443,349,seal
5_6_12_hs_5---94.png,406,282,457,303,seal
5_6_12_hs_5---94.png,452,314,474,351,seal
5_6_12_hs_5---94.png,408,253,430,273,seal
5_6_12_hs_5---94.png,469,234,496,258,seal
5_6_12_hs_5---94.png,430,201,475,227,seal
5_6_12_hs_5---94.png,440,173,461,194,seal
5_6_12_hs_5---94.png,464,165,488,189,seal
5_6_12_hs_5---94.png,431,81,456,104,seal
5_6_12_hs_5---94.png,439,47,462,82,seal
5_6_12_hs_5---94.png,467,86,496,113,seal
5_6_12_hs_5---95.png,24,85,63,112,seal
5_6_12_hs_5---95.png,5,51,24,100,seal
5_6_12_hs_5---95.png,75,23,122,50,seal
5_6_12_hs_5---95.png,1,162,40,195,seal
5_6_12_hs_5---95.png,1,198,33,224,seal
5_6_12_hs_5---95.png,25,228,50,250,seal
5_6_12_hs_5---95.png,2,278,26,298,seal
5_6_12_hs_5---95.png,15,311,34,354,seal
5_6_12_hs_6---34.png,39,308,78,338,seal
5_6_12_hs_6---34.png,136,305,156,333,seal
5_6_12_hs_6---34.png,245,285,276,312,seal
5_6_12_hs_6---34.png,44,383,85,411,seal
5_6_12_hs_6---34.png,98,397,139,423,seal
5_6_12_hs_6---34.png,148,377,182,401,seal
5_6_12_hs_6---34.png,113,434,144,453,seal
5_6_12_hs_6---34.png,14,436,36,470,seal
5_6_12_hs_6---34.png,55,470,102,495,seal
5_6_12_hs_6---34.png,127,469,167,493,seal
5_6_12_hs_6---34.png,105,461,134,479,seal
5_6_12_hs_6---34.png,66,425,92,454,seal
5_6_12_hs_6---34.png,273,463,328,481,seal
5_6_12_hs_6---34.png,102,235,148,259,seal
5_6_12_hs_6---34.png,214,217,237,254,seal
5_6_12_hs_6---34.png,243,240,264,264,seal
5_6_12_hs_6---34.png,252,208,284,226,seal
5_6_12_hs_6---34.png,285,194,318,229,seal
5_6_12_hs_6---34.png,320,212,337,236,seal
5_6_12_hs_6---34.png,365,192,394,229,seal
5_6_12_hs_6---34.png,246,148,274,172,seal
5_6_12_hs_6---34.png,251,173,270,188,seal
5_6_12_hs_6---34.png,304,108,334,135,seal
5_6_12_hs_6---34.png,56,208,78,229,seal
5_6_12_hs_6---35.png,62,189,94,209,seal
5_6_12_hs_6---43.png,68,467,103,487,seal
5_6_12_hs_6---43.png,102,443,148,466,seal
5_6_12_hs_6---43.png,108,421,139,445,seal
5_6_12_hs_6---43.png,247,362,274,398,seal
5_6_12_hs_6---43.png,125,341,157,360,seal
5_6_12_hs_6---43.png,131,313,164,337,seal
5_6_12_hs_6---43.png,109,267,138,286,seal
5_6_12_hs_6---43.png,144,277,158,315,seal
5_6_12_hs_6---43.png,105,162,146,190,seal
5_6_12_hs_6---43.png,121,103,134,128,seal
5_6_12_hs_6---43.png,170,83,196,96,seal
5_6_12_hs_6---43.png,176,52,204,83,seal
5_6_12_hs_6---43.png,192,41,215,60,seal
5_6_12_hs_6---43.png,232,31,257,50,seal
5_6_12_hs_6---43.png,265,37,296,59,seal
5_6_12_hs_6---43.png,258,17,282,36,seal
5_6_12_hs_6---43.png,320,13,351,29,seal
5_6_12_hs_6---43.png,305,35,333,51,seal
5_6_12_hs_6---43.png,397,26,432,55,seal
5_6_12_hs_6---43.png,457,4,476,25,seal
5_6_12_hs_6---43.png,192,113,231,132,seal
5_6_12_hs_6---43.png,190,151,218,171,seal
5_6_12_hs_6---43.png,166,181,209,203,seal
5_6_12_hs_6---43.png,179,226,202,243,seal
5_6_12_hs_6---43.png,207,226,225,253,seal
5_6_12_hs_6---43.png,195,250,209,266,seal
5_6_12_hs_6---43.png,248,269,272,289,seal
5_6_12_hs_6---43.png,268,270,292,283,seal
5_6_12_hs_6---43.png,274,244,313,261,seal
5_6_12_hs_6---43.png,278,201,314,216,seal
5_6_12_hs_6---43.png,328,154,356,174,seal
5_6_12_hs_6---43.png,320,119,344,137,seal
5_6_12_hs_6---43.png,325,88,347,100,seal
5_6_12_hs_6---43.png,371,120,407,134,seal
5_6_12_hs_6---43.png,331,181,367,195,seal
5_6_12_hs_6---43.png,343,210,377,227,seal
5_6_12_hs_6---43.png,365,244,395,259,seal
5_6_12_hs_6---43.png,357,280,376,304,seal
5_6_12_hs_6---43.png,278,315,313,329,seal
5_6_12_hs_6---53.png,88,4,151,29,seal
5_6_12_hs_6---53.png,215,55,260,76,seal
5_6_12_hs_6---94.png,290,401,320,450,seal
6_16_17_hs_4---15.png,29,348,64,384,seal
6_16_17_hs_4---15.png,57,298,91,330,seal
6_16_17_hs_4---15.png,75,331,109,355,seal
6_16_17_hs_4---15.png,85,359,130,389,seal
6_16_17_hs_4---15.png,62,206,104,238,seal
6_16_17_hs_4---15.png,64,160,95,197,seal
6_16_17_hs_4---24.png,373,65,424,109,seal
6_16_17_hs_4---25.png,109,56,166,106,seal
6_16_17_hs_4---25.png,421,34,476,84,seal
6_16_17_hs_4---26.png,192,32,241,81,seal
6_16_17_hs_4---26.png,102,185,176,218,seal
6_16_17_hs_4---26.png,260,125,315,169,seal
6_16_17_hs_4---26.png,380,28,420,64,seal
6_16_17_hs_5---45.png,386,388,436,419,seal
6_16_17_hs_6---25.png,418,426,447,477,seal
6_16_17_hs_6---25.png,463,433,489,481,seal
6_16_17_hs_6---26.png,22,433,50,475,seal
6_16_17_hs_6---35.png,359,371,415,395,seal
6_16_17_hs_6---35.png,335,341,390,358,seal
6_16_17_hs_6---35.png,378,327,404,345,seal
6_16_17_hs_6---35.png,400,314,437,331,seal
6_16_17_hs_6---35.png,351,293,404,313,seal
6_16_17_hs_6---35.png,409,271,447,291,seal
6_16_17_hs_6---35.png,365,253,422,276,seal
6_16_17_hs_6---35.png,281,305,326,323,seal
6_16_17_hs_6---35.png,245,278,287,292,seal
6_16_17_hs_6---35.png,293,254,331,271,seal
6_16_17_hs_6---35.png,313,229,351,247,seal
6_16_17_hs_6---35.png,390,178,423,213,seal
6_16_17_hs_6---35.png,443,149,472,199,seal
6_16_17_hs_6---35.png,425,106,450,150,seal
6_16_17_hs_6---35.png,306,164,348,184,seal
6_16_17_hs_6---35.png,332,140,374,168,seal
6_16_17_hs_6---35.png,342,111,383,137,seal
6_16_17_hs_6---35.png,308,92,344,118,seal
6_16_17_hs_6---35.png,377,79,404,104,seal
6_16_17_hs_6---35.png,345,61,391,88,seal
6_16_17_hs_6---35.png,344,40,385,59,seal
6_16_17_hs_6---35.png,311,26,341,60,seal
6_16_17_hs_6---35.png,362,212,381,235,seal
6_16_17_hs_6---35.png,362,184,384,207,seal
6_16_17_hs_6---35.png,434,2,450,36,seal
6_16_17_hs_6---35.png,465,3,485,41,seal
6_16_17_hs_6---36.png,21,2,55,39,seal
6_16_17_hs_6---36.png,49,106,75,149,seal
6_16_17_hs_6---36.png,7,147,31,189,seal
6_16_17_hs_7---35.png,389,361,418,407,seal
6_16_17_hs_7---35.png,429,352,466,392,seal
6_16_17_hs_7---35.png,453,179,478,208,seal
6_16_17_hs_7---36.png,10,178,36,205,seal
6_16_17_hs_8---22.png,419,171,484,211,seal
6_16_17_hs_8---22.png,377,169,402,199,seal
6_16_17_hs_8---22.png,348,159,374,186,seal
6_16_17_hs_8---22.png,353,133,384,162,seal
6_16_17_hs_8---22.png,436,209,462,236,seal
6_16_17_hs_8---23.png,1,166,44,216,seal
6_16_17_hs_8---23.png,2,206,21,229,seal
6_16_17_hs_8---66.png,57,288,109,324,seal
6_16_17_hs_8---66.png,56,336,101,370,seal
6_16_17_hs_8---66.png,17,378,43,407,seal
6_16_17_hs_8---66.png,255,413,284,458,seal
6_16_17_hs_8---66.png,194,459,241,492,seal
6_16_17_hs_8---96.png,63,82,104,115,seal
6_16_17_hs_8---96.png,22,164,42,199,seal
6_16_17_hs_8---96.png,59,119,101,157,seal
6_16_17_hs_8---96.png,197,248,239,283,seal
6_16_17_hs_8---96.png,254,196,284,248,seal
6_16_17_hs_8---96.png,222,280,254,313,seal
6_16_17_hs_8---96.png,152,313,180,338,seal
6_16_17_hs_8---96.png,182,297,204,319,seal
6_16_17_hs_8---96.png,270,271,303,308,seal
6_16_17_hs_8---96.png,286,296,335,316,seal
6_16_17_hs_8---96.png,298,315,345,339,seal
6_16_17_hs_8---96.png,279,363,317,394,seal
6_16_17_hs_8---96.png,331,357,364,391,seal
6_16_17_hs_8---96.png,370,364,401,398,seal
6_16_17_hs_8---96.png,416,355,444,375,seal
6_16_17_hs_8---96.png,397,375,416,400,seal
6_16_17_hs_8---96.png,369,407,410,439,seal
6_16_17_hs_8---96.png,361,453,389,473,seal
6_16_17_hs_8---96.png,419,419,446,459,seal
6_16_17_hs_8---96.png,436,464,480,481,seal
6_16_17_hs_8---96.png,268,455,296,474,seal
6_16_17_hs_8---96.png,350,319,377,342,seal
6_16_17_hs_8---97.png,8,463,38,490,seal
6_16_17_hs_9---3.png,273,34,312,64,seal
6_16_17_hs_9---3.png,288,61,321,87,seal
6_16_17_hs_9---3.png,338,16,366,56,seal
6_16_17_hs_9---3.png,338,59,372,97,seal
6_16_17_hs_9---3.png,349,94,381,126,seal
6_16_17_hs_9---3.png,366,117,398,141,seal
6_16_17_hs_9---3.png,433,100,456,139,seal
6_16_17_hs_9---3.png,395,164,430,189,seal
6_16_17_hs_9---3.png,468,129,496,152,seal
6_16_17_hs_9---3.png,460,220,492,260,seal
6_16_17_hs_9---3.png,249,129,276,179,seal
6_16_17_hs_9---4.png,26,132,77,154,seal
6_16_17_hs_9---4.png,27,221,61,258,seal
6_16_17_hs_9---4.png,66,248,105,267,seal
6_16_17_hs_9---4.png,41,269,84,299,seal
6_16_17_hs_9---4.png,70,293,93,325,seal
6_16_17_hs_9---4.png,100,286,122,311,seal
6_16_17_hs_9---4.png,127,272,149,289,seal
6_16_17_hs_9---4.png,121,296,163,315,seal
6_16_17_hs_9---4.png,182,280,197,312,seal
6_16_17_hs_9---4.png,201,182,231,218,seal
6_16_17_hs_9---4.png,204,285,237,324,seal
6_16_17_hs_9---4.png,191,330,224,365,seal
6_16_17_hs_9---4.png,207,358,241,383,seal
6_16_17_hs_9---4.png,254,331,288,356,seal
6_16_17_hs_9---4.png,231,307,273,340,seal
6_16_17_hs_9---4.png,106,323,154,345,seal
6_16_17_hs_9---4.png,115,347,161,378,seal
6_16_17_hs_9---4.png,146,356,172,393,seal
6_16_17_hs_9---4.png,165,388,202,418,seal
6_16_17_hs_9---4.png,189,413,221,441,seal
6_16_17_hs_9---4.png,218,423,246,449,seal
6_16_17_hs_9---4.png,204,455,241,488,seal
6_16_17_hs_9---4.png,247,466,279,500,seal
6_16_17_hs_9---4.png,277,437,318,453,seal
6_16_17_hs_9---4.png,260,456,288,479,seal
6_16_17_hs_9---4.png,254,416,276,437,seal
6_16_17_hs_9---4.png,248,386,285,404,seal
6_16_17_hs_9---4.png,350,444,388,473,seal
6_16_17_hs_9---4.png,440,416,479,451,seal
6_16_17_hs_9---5.png,47,377,78,410,seal
6_16_17_hs_9---5.png,9,415,44,448,seal
6_16_17_hs_9---14.png,197,18,246,50,seal
6_16_17_hs_9---14.png,254,28,282,65,seal
6_16_17_hs_9---14.png,260,13,292,38,seal
6_16_17_hs_9---14.png,370,49,393,69,seal
6_16_17_hs_9---14.png,384,71,415,85,seal
6_16_17_hs_9---14.png,352,5,382,34,seal
6_16_17_hs_9---14.png,301,39,342,59,seal
6_16_17_hs_9---14.png,340,61,364,81,seal
6_16_17_hs_9---14.png,250,67,283,91,seal
6_16_17_hs_9---14.png,273,85,298,111,seal
6_16_17_hs_9---14.png,297,74,327,97,seal
6_16_17_hs_9---14.png,327,100,355,120,seal
6_16_17_hs_9---14.png,364,145,394,172,seal
6_16_17_hs_9---14.png,377,115,404,137,seal
6_16_17_hs_9---14.png,404,115,424,152,seal
6_16_17_hs_9---14.png,407,148,437,166,seal
6_16_17_hs_9---14.png,368,176,406,199,seal
6_16_17_hs_9---14.png,416,177,460,199,seal
6_16_17_hs_9---14.png,424,205,453,223,seal
6_16_17_hs_9---14.png,391,205,419,239,seal
6_16_17_hs_9---14.png,418,240,433,257,seal
6_16_17_hs_9---14.png,428,249,476,269,seal
6_16_17_hs_9---14.png,462,290,480,328,seal
6_16_17_hs_9---26.png,7,322,30,365,seal
6_16_17_hs_9---26.png,41,347,60,368,seal
6_16_17_hs_9---26.png,130,472,174,494,seal
6_16_17_hs_9---36.png,152,58,204,76,seal
6_16_17_hs_9---36.png,111,24,168,44,seal
6_16_17_hs_9---36.png,143,82,204,119,seal
6_16_17_hs_10---13.png,330,201,352,247,seal
6_16_17_hs_10---13.png,386,203,412,241,seal
6_16_17_hs_10---13.png,436,196,465,220,seal
6_16_17_hs_10---13.png,445,180,477,199,seal
6_16_17_hs_10---13.png,340,132,364,192,seal
6_16_17_hs_10---13.png,310,169,334,202,seal
6_16_17_hs_10---14.png,34,146,60,180,seal
6_16_17_hs_10---14.png,51,203,73,241,seal
6_16_17_hs_10---14.png,84,267,130,296,seal
6_16_17_hs_10---14.png,92,232,118,259,seal
6_16_17_hs_10---14.png,100,201,128,244,seal
6_16_17_hs_10---14.png,136,227,164,250,seal
6_16_17_hs_10---14.png,116,185,144,215,seal
6_16_17_hs_10---14.png,143,173,181,211,seal
6_16_17_hs_10---14.png,171,215,206,231,seal
6_16_17_hs_10---14.png,163,236,193,257,seal
6_16_17_hs_10---14.png,185,256,200,287,seal
6_16_17_hs_10---14.png,222,251,248,285,seal
6_16_17_hs_10---14.png,252,207,276,240,seal
6_16_17_hs_10---14.png,196,191,223,215,seal
6_16_17_hs_10---14.png,229,187,250,213,seal
6_16_17_hs_10---14.png,278,179,296,208,seal
6_16_17_hs_10---14.png,288,196,324,213,seal
6_16_17_hs_10---14.png,335,198,364,228,seal
6_16_17_hs_10---14.png,362,214,378,244,seal
6_16_17_hs_10---14.png,378,218,398,256,seal
6_16_17_hs_10---14.png,406,191,425,226,seal
6_16_17_hs_10---14.png,430,175,453,215,seal
6_16_17_hs_10---14.png,426,242,448,257,seal
6_16_17_hs_10---14.png,449,223,469,257,seal
6_16_17_hs_10---14.png,261,149,279,188,seal
6_16_17_hs_10---14.png,216,148,246,187,seal
6_16_17_hs_10---14.png,202,149,222,176,seal
6_16_17_hs_10---15.png,441,346,487,371,seal
6_16_17_hs_10---15.png,436,276,466,301,seal
6_16_17_hs_10---15.png,467,249,482,282,seal
6_16_17_hs_10---15.png,381,267,422,282,seal
6_16_17_hs_10---15.png,408,230,429,258,seal
6_16_17_hs_10---15.png,393,210,408,243,seal
6_16_17_hs_10---15.png,415,191,435,217,seal
6_16_17_hs_10---15.png,459,164,484,187,seal
6_16_17_hs_10---15.png,452,204,478,231,seal
6_16_17_hs_10---15.png,433,165,455,200,seal
6_16_17_hs_10---15.png,391,151,413,176,seal
6_16_17_hs_10---15.png,378,173,396,203,seal
6_16_17_hs_10---15.png,350,187,369,218,seal
6_16_17_hs_10---15.png,330,228,365,244,seal
6_16_17_hs_10---15.png,363,239,391,275,seal
6_16_17_hs_10---15.png,284,240,314,274,seal
6_16_17_hs_10---15.png,321,244,343,274,seal
6_16_17_hs_10---15.png,280,195,309,222,seal
6_16_17_hs_10---15.png,278,127,294,155,seal
6_16_17_hs_10---15.png,188,133,215,162,seal
6_16_17_hs_10---15.png,69,164,110,194,seal
6_16_17_hs_10---15.png,12,218,26,240,seal
6_16_17_hs_10---15.png,2,244,27,264,seal
6_16_17_hs_10---15.png,98,252,124,275,seal
6_16_17_hs_10---15.png,145,234,171,256,seal
6_16_17_hs_10---15.png,164,156,190,186,seal
6_16_17_hs_10---15.png,224,159,245,185,seal
6_16_17_hs_10---15.png,256,162,272,191,seal
6_16_17_hs_10---15.png,226,193,252,220,seal
6_16_17_hs_10---15.png,258,192,276,232,seal
6_16_17_hs_10---15.png,195,239,220,263,seal
6_16_17_hs_10---15.png,177,222,193,240,seal
6_16_17_hs_10---15.png,174,201,193,219,seal
6_16_17_hs_10---15.png,200,207,226,224,seal
6_16_17_hs_10---15.png,196,169,224,202,seal
6_16_17_hs_10---15.png,118,185,140,209,seal
6_16_17_hs_10---15.png,143,162,168,196,seal
6_16_17_hs_10---16.png,9,340,50,369,seal
6_16_17_hs_10---16.png,79,256,120,284,seal
6_16_17_hs_10---16.png,194,227,219,263,seal
6_16_17_hs_10---16.png,176,191,207,216,seal
6_16_17_hs_10---16.png,232,148,252,187,seal
6_16_17_hs_10---16.png,272,145,303,188,seal
6_16_17_hs_10---16.png,92,200,103,237,seal
6_16_17_hs_10---16.png,103,179,121,215,seal
6_16_17_hs_10---16.png,139,202,168,238,seal
6_16_17_hs_10---16.png,73,138,100,170,seal
6_16_17_hs_10---16.png,97,130,122,169,seal
6_16_17_hs_10---16.png,48,213,67,248,seal
6_16_17_hs_10---16.png,28,248,43,283,seal
6_16_17_hs_10---16.png,46,178,66,208,seal
6_16_17_hs_10---16.png,19,165,44,195,seal
6_16_17_hs_10---16.png,14,204,37,231,seal
6_16_17_hs_11---42.png,175,266,230,303,seal
6_16_17_hs_11---43.png,192,404,231,433,seal
6_16_17_hs_12---44.png,121,397,146,441,seal
6_16_17_hs_12---44.png,95,367,144,392,seal
6_16_17_hs_12---44.png,116,319,146,360,seal
6_16_17_hs_12---44.png,155,250,201,288,seal
6_16_17_hs_12---44.png,170,364,205,408,seal
6_16_17_hs_12---44.png,206,393,238,425,seal
6_16_17_hs_12---44.png,234,369,270,398,seal
6_16_17_hs_12---44.png,268,327,301,364,seal
6_16_17_hs_12---44.png,316,319,350,347,seal
6_16_17_hs_12---44.png,294,292,342,317,seal
6_16_17_hs_12---44.png,217,309,249,340,seal
6_16_17_hs_12---44.png,243,266,291,306,seal
6_16_17_hs_12---44.png,203,255,226,306,seal
6_16_17_hs_12---44.png,368,232,404,260,seal
6_16_17_hs_12---44.png,341,271,367,313,seal
6_16_17_hs_12---44.png,370,269,393,309,seal
6_16_17_hs_12---44.png,415,225,449,267,seal
6_16_17_hs_13---44.png,284,471,342,494,seal
6_16_17_hs_13---45.png,273,348,305,370,seal
6_16_17_hs_13---45.png,157,365,193,393,seal
6_16_17_hs_13---45.png,66,256,91,280,seal
6_16_17_hs_13---45.png,127,184,158,207,seal
6_16_17_hs_13---45.png,201,66,249,96,seal
6_16_17_hs_13---53.png,249,85,298,117,seal
6_16_17_hs_13---53.png,394,195,440,213,seal
6_16_17_hs_13---53.png,427,160,466,200,seal
6_16_17_hs_13---53.png,471,143,498,196,seal
6_16_17_hs_13---53.png,242,389,266,424,seal
6_16_17_hs_13---53.png,264,386,302,413,seal
6_16_17_hs_13---53.png,263,333,296,375,seal
6_16_17_hs_13---53.png,304,299,326,329,seal
6_16_17_hs_13---53.png,389,275,422,299,seal
6_16_17_hs_13---53.png,395,231,433,261,seal
6_16_17_hs_13---53.png,444,237,476,267,seal
6_16_17_hs_13---53.png,461,209,498,241,seal
6_16_17_hs_13---53.png,423,299,448,323,seal
6_16_17_hs_13---53.png,451,279,477,309,seal
6_16_17_hs_13---53.png,407,341,447,369,seal
6_16_17_hs_13---53.png,439,320,461,339,seal
6_16_17_hs_13---53.png,454,335,489,354,seal
6_16_17_hs_13---53.png,471,377,494,410,seal
6_16_17_hs_13---53.png,415,404,440,430,seal
6_16_17_hs_13---53.png,443,386,478,424,seal
6_16_17_hs_13---53.png,334,406,358,431,seal
6_16_17_hs_13---53.png,325,345,357,385,seal
6_16_17_hs_13---53.png,365,383,390,402,seal
6_16_17_hs_13---53.png,345,288,373,325,seal
6_16_17_hs_13---53.png,358,329,403,354,seal
6_16_17_hs_13---53.png,182,374,218,394,seal
6_16_17_hs_13---53.png,211,365,239,389,seal
6_16_17_hs_13---53.png,364,413,393,446,seal
6_16_17_hs_13---54.png,305,317,337,360,seal
6_16_17_hs_13---54.png,343,291,377,318,seal
6_16_17_hs_13---54.png,385,264,410,297,seal
6_16_17_hs_13---54.png,412,60,471,100,seal
6_16_17_hs_13---54.png,393,19,422,47,seal
6_16_17_hs_13---54.png,280,28,338,58,seal
6_16_17_hs_13---54.png,158,45,196,65,seal
6_16_17_hs_13---54.png,254,96,297,119,seal
6_16_17_hs_13---54.png,318,80,358,128,seal
6_16_17_hs_13---54.png,400,133,442,160,seal
6_16_17_hs_13---54.png,385,163,430,193,seal
6_16_17_hs_13---54.png,367,211,400,232,seal
6_16_17_hs_13---54.png,328,179,372,200,seal
6_16_17_hs_13---54.png,265,163,312,185,seal
6_16_17_hs_13---54.png,300,122,333,154,seal
6_16_17_hs_13---54.png,253,128,286,148,seal
6_16_17_hs_13---54.png,205,104,239,129,seal
6_16_17_hs_13---54.png,166,127,196,157,seal
6_16_17_hs_13---54.png,76,122,115,154,seal
6_16_17_hs_13---54.png,31,143,59,185,seal
6_16_17_hs_13---54.png,26,210,65,237,seal
6_16_17_hs_13---54.png,68,204,120,234,seal
6_16_17_hs_13---54.png,54,259,89,290,seal
6_16_17_hs_13---54.png,93,255,132,298,seal
6_16_17_hs_13---54.png,120,241,143,273,seal
6_16_17_hs_13---54.png,163,215,211,233,seal
6_16_17_hs_13---54.png,138,178,184,205,seal
6_16_17_hs_13---54.png,191,172,213,191,seal
6_16_17_hs_13---54.png,205,191,240,212,seal
6_16_17_hs_13---54.png,214,155,257,196,seal
6_16_17_hs_13---54.png,234,222,262,268,seal
6_16_17_hs_13---54.png,295,216,326,250,seal
6_16_17_hs_13---54.png,340,247,370,271,seal
6_16_17_hs_13---54.png,249,310,289,336,seal
6_16_17_hs_13---54.png,214,317,245,351,seal
6_16_17_hs_13---54.png,210,257,231,292,seal
6_16_17_hs_13---54.png,31,385,67,421,seal
6_16_17_hs_13---54.png,64,372,98,394,seal
6_16_17_hs_13---54.png,7,239,44,268,seal
6_16_17_hs_13---54.png,20,282,45,317,seal
6_16_17_hs_13---54.png,17,335,46,362,seal
6_16_17_hs_13---54.png,3,350,27,383,seal
6_16_17_hs_13---54.png,72,314,104,370,seal
6_16_17_hs_13---54.png,117,328,138,368,seal
6_16_17_hs_13---54.png,145,345,168,364,seal
6_16_17_hs_13---54.png,159,246,208,264,seal
6_16_17_hs_13---54.png,159,273,222,332,seal
6_16_17_hs_13---54.png,141,300,174,329,seal
6_16_17_hs_13---54.png,285,254,321,275,seal
6_16_17_hs_13---54.png,260,266,281,288,seal
6_16_17_hs_15---36.png,208,320,248,349,seal
6_16_17_hs_15---36.png,247,287,276,304,seal
6_16_17_hs_15---36.png,271,267,325,294,seal
6_16_17_hs_15---36.png,336,256,379,293,seal
6_16_17_hs_15---36.png,347,188,386,246,seal
6_16_17_hs_15---36.png,415,189,450,232,seal
6_16_17_hs_15---36.png,453,176,484,215,seal
6_16_17_hs_15---36.png,257,236,303,269,seal
6_16_17_hs_15---36.png,192,131,222,168,seal
6_16_17_hs_15---36.png,165,212,193,249,seal
6_16_17_hs_15---36.png,207,231,235,274,seal
6_16_17_hs_15---36.png,158,253,195,283,seal
6_16_17_hs_15---36.png,380,281,412,327,seal
6_16_17_hs_15---37.png,80,150,127,174,seal
6_16_17_hs_15---37.png,274,338,313,353,seal
6_16_17_hs_15---37.png,252,301,275,338,seal
6_16_17_hs_15---37.png,164,288,202,327,seal
6_16_17_hs_15---37.png,132,273,159,326,seal
6_16_17_hs_15---37.png,187,270,234,291,seal
6_16_17_hs_15---37.png,174,233,205,257,seal
6_16_17_hs_15---37.png,186,203,238,244,seal
6_16_17_hs_15---37.png,255,205,286,249,seal
6_16_17_hs_15---37.png,297,210,325,256,seal
6_16_17_hs_15---37.png,105,243,127,288,seal
6_16_17_hs_15---37.png,119,227,172,257,seal
6_16_17_hs_15---37.png,151,189,184,217,seal
6_16_17_hs_15---37.png,90,180,119,218,seal
6_16_17_hs_15---37.png,45,271,64,329,seal
6_16_17_hs_15---37.png,14,175,37,218,seal
6_16_17_hs_15---37.png,42,215,66,248,seal
6_16_17_hs_15---37.png,60,245,96,260,seal
6_16_17_hs_15---37.png,73,222,109,246,seal
6_16_17_hs_16---43.png,184,199,221,226,seal
6_16_17_hs_16---43.png,273,258,302,296,seal
6_16_17_hs_16---43.png,352,194,386,236,seal
6_16_17_hs_16---43.png,395,194,430,239,seal
6_16_17_hs_16---43.png,389,238,417,275,seal
6_16_17_hs_16---43.png,451,288,483,311,seal
6_16_17_hs_16---43.png,473,213,499,234,seal
6_16_17_hs_16---43.png,436,183,480,213,seal
6_16_17_hs_16---43.png,422,137,456,171,seal
6_16_17_hs_16---43.png,469,138,498,177,seal
6_16_17_hs_16---43.png,463,65,489,97,seal
6_16_17_hs_16---43.png,390,71,430,98,seal
6_16_17_hs_16---43.png,320,154,342,185,seal
6_16_17_hs_16---44.png,33,199,74,233,seal
6_16_17_hs_16---44.png,84,162,104,193,seal
6_16_17_hs_16---44.png,59,127,97,146,seal
6_16_17_hs_16---44.png,38,143,70,178,seal
6_16_17_hs_16---44.png,30,60,46,95,seal
6_16_17_hs_16---44.png,62,96,81,118,seal
6_16_17_hs_16---44.png,81,92,112,119,seal
6_16_17_hs_16---44.png,121,170,147,210,seal
6_16_17_hs_16---44.png,155,159,184,205,seal
6_16_17_hs_16---44.png,183,130,217,156,seal
6_16_17_hs_16---44.png,209,138,245,166,seal
6_16_17_hs_16---44.png,249,112,270,129,seal
6_16_17_hs_16---44.png,261,139,287,185,seal
6_16_17_hs_16---44.png,321,157,358,195,seal
6_16_17_hs_16---44.png,351,128,379,158,seal
6_16_17_hs_16---44.png,318,89,352,121,seal
6_16_17_hs_16---44.png,369,49,387,93,seal
6_16_17_hs_16---44.png,388,130,412,162,seal
6_16_17_hs_16---44.png,393,177,413,207,seal
6_16_17_hs_16---44.png,451,185,483,210,seal
6_16_17_hs_16---44.png,440,143,472,171,seal
6_16_17_hs_16---45.png,15,188,47,210,seal
6_16_17_hs_16---45.png,5,140,39,177,seal
6_16_17_hs_16---45.png,50,107,68,163,seal
6_16_17_hs_16---45.png,80,147,118,180,seal
6_16_17_hs_16---45.png,95,88,111,133,seal
6_16_17_hs_16---45.png,140,143,194,168,seal
6_16_17_hs_16---45.png,202,170,229,196,seal
6_16_17_hs_16---45.png,238,138,281,169,seal
6_16_17_hs_16---45.png,326,154,342,175,seal
6_16_17_hs_16---45.png,349,149,376,165,seal
6_16_17_hs_16---45.png,325,97,351,115,seal
6_16_17_hs_16---45.png,404,130,424,172,seal
6_16_17_hs_16---46.png,56,85,120,121,seal
6_16_17_hs_16---46.png,26,116,71,161,seal
